Id,IndicatorCode,SpatialDimension,SpatialDimensionValueCode,ParentLocationCode,ParentLocation,TimeDimension,TimeDim,DisaggregatingDimension1,DisaggregatingDimension1ValueCode,DisaggregatingDimension2,DisaggregatingDimension2ValueCode,DisaggregatingDimension3,DisaggregatingDimension3ValueCode,DataSourceDimension,DataSourceDimensionValueCode,Value,NumericValue,Low,High,Comments,Date,TimeDimensionValue,TimeDimensionBegin,TimeDimensionEnd,,,
9255061,MALARIA_IRS_COVERAGE,COUNTRY,BRA,AMR,Americas,YEAR,2021,,,,,,,,,202 715,202715,,,,2025-12-19T14:55:21Z,2021,01/01/2021,31/12/2021,,,
4496501,MALARIA_IRS_COVERAGE,COUNTRY,IDN,WPR,Western Pacific,YEAR,2022,,,,,,,,,161 335,161335,,,,2025-12-19T14:55:21Z,2022,01/01/2022,31/12/2022,,,
3313141,MALARIA_IRS_COVERAGE,COUNTRY,IND,SEAR,South-East Asia,YEAR,2015,,,,,,,,,41 849 017,41849017,,,,2025-12-19T14:55:21Z,2015,01/01/2015,31/12/2015,,,
9274120,MALARIA_IRS_COVERAGE,COUNTRY,BEN,AFR,Africa,YEAR,2018,,,,,,,,,1 321 758,1321758,,,,2025-12-19T14:55:21Z,2018,01/01/2018,31/12/2018,,,
1236071,MALARIA_IRS_COVERAGE,COUNTRY,BTN,SEAR,South-East Asia,YEAR,2021,,,,,,,,,120 166,120166,,,,2025-12-19T14:55:21Z,2021,01/01/2021,31/12/2021,,,
2481477,MALARIA_IRS_COVERAGE,COUNTRY,PAN,AMR,Americas,YEAR,2018,,,,,,,,,19 500,19500,,,,2025-12-19T14:55:21Z,2018,01/01/2018,31/12/2018,,,
7773933,MALARIA_IRS_COVERAGE,COUNTRY,MWI,AFR,Africa,YEAR,2020,,,,,,,,,2 379 659,2379659,,,,2025-12-19T14:55:21Z,2020,01/01/2020,31/12/2020,,,
545465,MALARIA_IRS_COVERAGE,COUNTRY,UGA,AFR,Africa,YEAR,2023,,,,,,,,,6 043 526,6043526,,,,2025-12-19T14:55:21Z,2023,01/01/2023,31/12/2023,,,
5414872,MALARIA_IRS_COVERAGE,COUNTRY,SLE,AFR,Africa,YEAR,2023,,,,,,,,,753 214,753214,,,,2025-12-19T14:55:21Z,2023,01/01/2023,31/12/2023,,,
5649174,MALARIA_IRS_COVERAGE,REGION,AFR,,,YEAR,2019,,,,,,,,,57 736 914,57736914,,,,2025-12-19T14:55:21Z,2019,01/01/2019,31/12/2019,,,
5560773,MALARIA_IRS_COVERAGE,COUNTRY,COL,AMR,Americas,YEAR,2021,,,,,,,,,245 984,245984,,,,2025-12-19T14:55:21Z,2021,01/01/2021,31/12/2021,,,
5661903,MALARIA_IRS_COVERAGE,COUNTRY,BRA,AMR,Americas,YEAR,2020,,,,,,,,,148 897,148897,,,,2025-12-19T14:55:21Z,2020,01/01/2020,31/12/2020,,,
5402237,MALARIA_IRS_COVERAGE,COUNTRY,GNQ,AFR,Africa,YEAR,2017,,,,,,,,,64 617,64617,,,,2025-12-19T14:55:21Z,2017,01/01/2017,31/12/2017,,,
4464895,MALARIA_IRS_COVERAGE,COUNTRY,ERI,AFR,Africa,YEAR,2023,,,,,,,,,577 953,577953,,,,2025-12-19T14:55:21Z,2023,01/01/2023,31/12/2023,,,
279710,MALARIA_IRS_COVERAGE,COUNTRY,GTM,AMR,Americas,YEAR,2018,,,,,,,,,15 358,15358,,,,2025-12-19T14:55:21Z,2018,01/01/2018,31/12/2018,,,
1536880,MALARIA_IRS_COVERAGE,COUNTRY,TLS,SEAR,South-East Asia,YEAR,2022,,,,,,,,,68 288,68288,,,,2025-12-19T14:55:21Z,2022,01/01/2022,31/12/2022,,,
6636800,MALARIA_IRS_COVERAGE,COUNTRY,SOM,EMR,Eastern Mediterranean,YEAR,2017,,,,,,,,,1 267 526,1267526,,,,2025-12-19T14:55:21Z,2017,01/01/2017,31/12/2017,,,
9375613,MALARIA_IRS_COVERAGE,COUNTRY,RWA,AFR,Africa,YEAR,2022,,,,,,,,,5 231 805,5231805,,,,2025-12-19T14:55:21Z,2022,01/01/2022,31/12/2022,,,
7142207,MALARIA_IRS_COVERAGE,COUNTRY,BDI,AFR,Africa,YEAR,2019,,,,,,,,,725 449,725449,,,,2025-12-19T14:55:21Z,2019,01/01/2019,31/12/2019,,,
7268911,MALARIA_IRS_COVERAGE,COUNTRY,VNM,WPR,Western Pacific,YEAR,2016,,,,,,,,,417 142,417142,,,,2025-12-19T14:55:21Z,2016,01/01/2016,31/12/2016,,,
5907158,MALARIA_IRS_COVERAGE,COUNTRY,TLS,SEAR,South-East Asia,YEAR,2017,,,,,,,,,102 891,102891,,,,2025-12-19T14:55:21Z,2017,01/01/2017,31/12/2017,,,
3648218,MALARIA_IRS_COVERAGE,COUNTRY,BDI,AFR,Africa,YEAR,2018,,,,,,,,,1 754 679,1754679,,,,2025-12-19T14:55:21Z,2018,01/01/2018,31/12/2018,,,
6573306,MALARIA_IRS_COVERAGE,COUNTRY,SSD,AFR,Africa,YEAR,2021,,,,,,,,,263 856,263856,,,,2025-12-19T14:55:21Z,2021,01/01/2021,31/12/2021,,,
4255660,MALARIA_IRS_COVERAGE,COUNTRY,MYS,WPR,Western Pacific,YEAR,2023,,,,,,,,,99 553,99553,,,,2025-12-19T14:55:21Z,2023,01/01/2023,31/12/2023,,,
2690246,MALARIA_IRS_COVERAGE,COUNTRY,RWA,AFR,Africa,YEAR,2024,,,,,,,,,5 844 863,5844863,,,,2025-12-19T14:55:21Z,2024,01/01/2024,31/12/2024,,,
9153881,MALARIA_IRS_COVERAGE,COUNTRY,BTN,SEAR,South-East Asia,YEAR,2017,,,,,,,,,71 690,71690,,,,2025-12-19T14:55:21Z,2017,01/01/2017,31/12/2017,,,
6289084,MALARIA_IRS_COVERAGE,REGION,EMR,,,YEAR,2020,,,,,,,,,5 299 569,5299569,,,,2025-12-19T14:55:21Z,2020,01/01/2020,31/12/2020,,,
9441600,MALARIA_IRS_COVERAGE,COUNTRY,SEN,AFR,Africa,YEAR,2022,,,,,,,,,570 283,570283,,,,2025-12-19T14:55:21Z,2022,01/01/2022,31/12/2022,,,
8944331,MALARIA_IRS_COVERAGE,COUNTRY,BDI,AFR,Africa,YEAR,2021,,,,,,,,,914 778,914778,,,,2025-12-19T14:55:21Z,2021,01/01/2021,31/12/2021,,,
9350326,MALARIA_IRS_COVERAGE,COUNTRY,IND,SEAR,South-East Asia,YEAR,2024,,,,,,,,,6 599 264,6599264,,,,2025-12-19T14:55:21Z,2024,01/01/2024,31/12/2024,,,
2424605,MALARIA_IRS_COVERAGE,COUNTRY,PAN,AMR,Americas,YEAR,2019,,,,,,,,,12 806,12806,,,,2025-12-19T14:55:21Z,2019,01/01/2019,31/12/2019,,,
10037558,MALARIA_IRS_COVERAGE,GLOBAL,GLOBAL,,,YEAR,2015,,,,,,,,,127 453 762,127453762,,,,2025-12-19T14:55:21Z,2015,01/01/2015,31/12/2015,,,
3231182,MALARIA_IRS_COVERAGE,COUNTRY,THA,SEAR,South-East Asia,YEAR,2020,,,,,,,,,219 162,219162,,,,2025-12-19T14:55:21Z,2020,01/01/2020,31/12/2020,,,
9957284,MALARIA_IRS_COVERAGE,COUNTRY,PER,AMR,Americas,YEAR,2024,,,,,,,,,72 930,72930,,,,2025-12-19T14:55:21Z,2024,01/01/2024,31/12/2024,,,
6617996,MALARIA_IRS_COVERAGE,COUNTRY,PAK,EMR,Eastern Mediterranean,YEAR,2019,,,,,,,,,1 657 670,1657670,,,,2025-12-19T14:55:21Z,2019,01/01/2019,31/12/2019,,,
7818472,MALARIA_IRS_COVERAGE,COUNTRY,ZWE,AFR,Africa,YEAR,2020,,,,,,,,,3 528 051,3528051,,,,2025-12-19T14:55:21Z,2020,01/01/2020,31/12/2020,,,
5124661,MALARIA_IRS_COVERAGE,REGION,EMR,,,YEAR,2018,,,,,,,,,10 126 027,10126027,,,,2025-12-19T14:55:21Z,2018,01/01/2018,31/12/2018,,,
8344323,MALARIA_IRS_COVERAGE,COUNTRY,PRY,AMR,Americas,YEAR,2022,,,,,,,,,4487,4487,,,,2025-12-19T14:55:21Z,2022,01/01/2022,31/12/2022,,,
7224699,MALARIA_IRS_COVERAGE,COUNTRY,YEM,EMR,Eastern Mediterranean,YEAR,2015,,,,,,,,,798 707,798707,,,,2025-12-19T14:55:21Z,2015,01/01/2015,31/12/2015,,,
1562396,MALARIA_IRS_COVERAGE,COUNTRY,ZMB,AFR,Africa,YEAR,2016,,,,,,,,,6 737 918,6737918,,,,2025-12-19T14:55:21Z,2016,01/01/2016,31/12/2016,,,
9856251,MALARIA_IRS_COVERAGE,COUNTRY,SWZ,AFR,Africa,YEAR,2016,,,,,,,,,24 179,24179,,,,2025-12-19T14:55:21Z,2016,01/01/2016,31/12/2016,,,
10145580,MALARIA_IRS_COVERAGE,COUNTRY,IND,SEAR,South-East Asia,YEAR,2017,,,,,,,,,39 341 409,39341409,,,,2025-12-19T14:55:21Z,2017,01/01/2017,31/12/2017,,,
8154659,MALARIA_IRS_COVERAGE,COUNTRY,THA,SEAR,South-East Asia,YEAR,2015,,,,,,,,,348 713,348713,,,,2025-12-19T14:55:21Z,2015,01/01/2015,31/12/2015,,,
9523786,MALARIA_IRS_COVERAGE,COUNTRY,HND,AMR,Americas,YEAR,2018,,,,,,,,,338 730,338730,,,,2025-12-19T14:55:21Z,2018,01/01/2018,31/12/2018,,,
6719421,MALARIA_IRS_COVERAGE,COUNTRY,ERI,AFR,Africa,YEAR,2021,,,,,,,,,444 318,444318,,,,2025-12-19T14:55:21Z,2021,01/01/2021,31/12/2021,,,
10075702,MALARIA_IRS_COVERAGE,COUNTRY,BWA,AFR,Africa,YEAR,2017,,,,,,,,,139 244,139244,,,,2025-12-19T14:55:21Z,2017,01/01/2017,31/12/2017,,,
2738436,MALARIA_IRS_COVERAGE,COUNTRY,PAK,EMR,Eastern Mediterranean,YEAR,2018,,,,,,,,,2 937 767,2937767,,,,2025-12-19T14:55:21Z,2018,01/01/2018,31/12/2018,,,
1695529,MALARIA_IRS_COVERAGE,COUNTRY,NPL,SEAR,South-East Asia,YEAR,2024,,,,,,,,,267 940,267940,,,,2025-12-19T14:55:21Z,2024,01/01/2024,31/12/2024,,,
9299782,MALARIA_IRS_COVERAGE,COUNTRY,STP,AFR,Africa,YEAR,2015,,,,,,,,,143 571,143571,,,,2025-12-19T14:55:21Z,2015,01/01/2015,31/12/2015,,,
4680778,MALARIA_IRS_COVERAGE,COUNTRY,UGA,AFR,Africa,YEAR,2021,,,,,,,,,4 466 905,4466905,,,,2025-12-19T14:55:21Z,2021,01/01/2021,31/12/2021,,,
2877536,MALARIA_IRS_COVERAGE,GLOBAL,GLOBAL,,,YEAR,2019,,,,,,,,,100 768 525,100768525,,,,2025-12-19T14:55:21Z,2019,01/01/2019,31/12/2019,,,
8281499,MALARIA_IRS_COVERAGE,COUNTRY,HTI,AMR,Americas,YEAR,2018,,,,,,,,,42 130,42130,,,,2025-12-19T14:55:21Z,2018,01/01/2018,31/12/2018,,,
3888852,MALARIA_IRS_COVERAGE,COUNTRY,ECU,AMR,Americas,YEAR,2023,,,,,,,,,28 365,28365,,,,2025-12-19T14:55:21Z,2023,01/01/2023,31/12/2023,,,
121748,MALARIA_IRS_COVERAGE,COUNTRY,MLI,AFR,Africa,YEAR,2022,,,,,,,,,273 864,273864,,,,2025-12-19T14:55:21Z,2022,01/01/2022,31/12/2022,,,
6358686,MALARIA_IRS_COVERAGE,COUNTRY,ZAF,AFR,Africa,YEAR,2022,,,,,,,,,1 621 439,1621439,,,,2025-12-19T14:55:21Z,2022,01/01/2022,31/12/2022,,,
1873305,MALARIA_IRS_COVERAGE,COUNTRY,ZMB,AFR,Africa,YEAR,2020,,,,,,,,,11 157 421,11157421,,,,2025-12-19T14:55:21Z,2020,01/01/2020,31/12/2020,,,
3933255,MALARIA_IRS_COVERAGE,COUNTRY,GHA,AFR,Africa,YEAR,2023,,,,,,,,,2 393 545,2393545,,,,2025-12-19T14:55:21Z,2023,01/01/2023,31/12/2023,,,
10088501,MALARIA_IRS_COVERAGE,COUNTRY,SAU,EMR,Eastern Mediterranean,YEAR,2016,,,,,,,,,307 927,307927,,,,2025-12-19T14:55:21Z,2016,01/01/2016,31/12/2016,,,
419185,MALARIA_IRS_COVERAGE,COUNTRY,CRI,AMR,Americas,YEAR,2017,,,,,,,,,8479,8479,,,,2025-12-19T14:55:21Z,2017,01/01/2017,31/12/2017,,,
7939374,MALARIA_IRS_COVERAGE,REGION,SEAR,,,YEAR,2015,,,,,,,,,44 021 372,44021372,,,,2025-12-19T14:55:21Z,2015,01/01/2015,31/12/2015,,,
4997940,MALARIA_IRS_COVERAGE,COUNTRY,GHA,AFR,Africa,YEAR,2022,,,,,,,,,2 232 692,2232692,,,,2025-12-19T14:55:21Z,2022,01/01/2022,31/12/2022,,,
945298,MALARIA_IRS_COVERAGE,COUNTRY,MYS,WPR,Western Pacific,YEAR,2022,,,,,,,,,171 867,171867,,,,2025-12-19T14:55:21Z,2022,01/01/2022,31/12/2022,,,
7585456,MALARIA_IRS_COVERAGE,COUNTRY,BWA,AFR,Africa,YEAR,2023,,,,,,,,,115 923,115923,,,,2025-12-19T14:55:21Z,2023,01/01/2023,31/12/2023,,,
2776707,MALARIA_IRS_COVERAGE,COUNTRY,NAM,AFR,Africa,YEAR,2016,,,,,,,,,485 730,485730,,,,2025-12-19T14:55:21Z,2016,01/01/2016,31/12/2016,,,
3035789,MALARIA_IRS_COVERAGE,COUNTRY,GTM,AMR,Americas,YEAR,2020,,,,,,,,,13 386,13386,,,,2025-12-19T14:55:21Z,2020,01/01/2020,31/12/2020,,,
5421761,MALARIA_IRS_COVERAGE,COUNTRY,VNM,WPR,Western Pacific,YEAR,2020,,,,,,,,,433 405,433405,,,,2025-12-19T14:55:21Z,2020,01/01/2020,31/12/2020,,,
4174046,MALARIA_IRS_COVERAGE,COUNTRY,SDN,EMR,Eastern Mediterranean,YEAR,2022,,,,,,,,,23 307,23307,,,,2025-12-19T14:55:21Z,2022,01/01/2022,31/12/2022,,,
8041023,MALARIA_IRS_COVERAGE,COUNTRY,TZA,AFR,Africa,YEAR,2020,,,,,,,,,2 510 463,2510463,,,,2025-12-19T14:55:21Z,2020,01/01/2020,31/12/2020,,,
8439600,MALARIA_IRS_COVERAGE,COUNTRY,COD,AFR,Africa,YEAR,2017,,,,,,,,,232 181,232181,,,,2025-12-19T14:55:21Z,2017,01/01/2017,31/12/2017,,,
6991045,MALARIA_IRS_COVERAGE,COUNTRY,GHA,AFR,Africa,YEAR,2024,,,,,,,,,2 553 813,2553813,,,,2025-12-19T14:55:21Z,2024,01/01/2024,31/12/2024,,,
3307481,MALARIA_IRS_COVERAGE,COUNTRY,SEN,AFR,Africa,YEAR,2020,,,,,,,,,793 026,793026,,,,2025-12-19T14:55:21Z,2020,01/01/2020,31/12/2020,,,
501627,MALARIA_IRS_COVERAGE,COUNTRY,MEX,AMR,Americas,YEAR,2018,,,,,,,,,85 812,85812,,,,2025-12-19T14:55:21Z,2018,01/01/2018,31/12/2018,,,
4249940,MALARIA_IRS_COVERAGE,COUNTRY,GMB,AFR,Africa,YEAR,2020,,,,,,,,,477 032,477032,,,,2025-12-19T14:55:21Z,2020,01/01/2020,31/12/2020,,,
2802102,MALARIA_IRS_COVERAGE,COUNTRY,KEN,AFR,Africa,YEAR,2022,,,,,,,,,1 614 938,1614938,,,,2025-12-19T14:55:21Z,2022,01/01/2022,31/12/2022,,,
7705554,MALARIA_IRS_COVERAGE,COUNTRY,PHL,WPR,Western Pacific,YEAR,2024,,,,,,,,,279 117,279117,,,,2025-12-19T14:55:21Z,2024,01/01/2024,31/12/2024,,,
7774571,MALARIA_IRS_COVERAGE,COUNTRY,IND,SEAR,South-East Asia,YEAR,2023,,,,,,,,,8 446 529,8446529,,,,2025-12-19T14:55:21Z,2023,01/01/2023,31/12/2023,,,
8218373,MALARIA_IRS_COVERAGE,COUNTRY,ETH,AFR,Africa,YEAR,2017,,,,,,,,,17 628 133,17628133,,,,2025-12-19T14:55:21Z,2017,01/01/2017,31/12/2017,,,
6731575,MALARIA_IRS_COVERAGE,COUNTRY,NIC,AMR,Americas,YEAR,2021,,,,,,,,,237 663,237663,,,,2025-12-19T14:55:21Z,2021,01/01/2021,31/12/2021,,,
4617983,MALARIA_IRS_COVERAGE,COUNTRY,BLZ,AMR,Americas,YEAR,2022,,,,,,,,,51 702,51702,,,,2025-12-19T14:55:21Z,2022,01/01/2022,31/12/2022,,,
6744342,MALARIA_IRS_COVERAGE,COUNTRY,MDG,AFR,Africa,YEAR,2024,,,,,,,,,608 526,608526,,,,2025-12-19T14:55:21Z,2024,01/01/2024,31/12/2024,,,
3604181,MALARIA_IRS_COVERAGE,COUNTRY,COL,AMR,Americas,YEAR,2018,,,,,,,,,60 000,60000,,,,2025-12-19T14:55:21Z,2018,01/01/2018,31/12/2018,,,
2114521,MALARIA_IRS_COVERAGE,COUNTRY,HND,AMR,Americas,YEAR,2021,,,,,,,,,124 554,124554,,,,2025-12-19T14:55:21Z,2021,01/01/2021,31/12/2021,,,
9442072,MALARIA_IRS_COVERAGE,COUNTRY,RWA,AFR,Africa,YEAR,2015,,,,,,,,,2 013 652,2013652,,,,2025-12-19T14:55:21Z,2015,01/01/2015,31/12/2015,,,
4174190,MALARIA_IRS_COVERAGE,COUNTRY,GUY,AMR,Americas,YEAR,2015,,,,,,,,,146,146,,,,2025-12-19T14:55:21Z,2015,01/01/2015,31/12/2015,,,
3351983,MALARIA_IRS_COVERAGE,COUNTRY,NAM,AFR,Africa,YEAR,2018,,,,,,,,,549 243,549243,,,,2025-12-19T14:55:21Z,2018,01/01/2018,31/12/2018,,,
6826772,MALARIA_IRS_COVERAGE,COUNTRY,UGA,AFR,Africa,YEAR,2015,,,,,,,,,3 700 470,3700470,,,,2025-12-19T14:55:21Z,2015,01/01/2015,31/12/2015,,,
824711,MALARIA_IRS_COVERAGE,COUNTRY,BLZ,AMR,Americas,YEAR,2019,,,,,,,,,43 497,43497,,,,2025-12-19T14:55:21Z,2019,01/01/2019,31/12/2019,,,
2336287,MALARIA_IRS_COVERAGE,COUNTRY,ZWE,AFR,Africa,YEAR,2021,,,,,,,,,3 113 471,3113471,,,,2025-12-19T14:55:21Z,2021,01/01/2021,31/12/2021,,,
1268609,MALARIA_IRS_COVERAGE,COUNTRY,NAM,AFR,Africa,YEAR,2017,,,,,,,,,753 281,753281,,,,2025-12-19T14:55:21Z,2017,01/01/2017,31/12/2017,,,
4839861,MALARIA_IRS_COVERAGE,COUNTRY,MEX,AMR,Americas,YEAR,2022,,,,,,,,,29 018,29018,,,,2025-12-19T14:55:21Z,2022,01/01/2022,31/12/2022,,,
7364267,MALARIA_IRS_COVERAGE,COUNTRY,COL,AMR,Americas,YEAR,2015,,,,,,,,,252 500,252500,,,,2025-12-19T14:55:21Z,2015,01/01/2015,31/12/2015,,,
8174166,MALARIA_IRS_COVERAGE,COUNTRY,IND,SEAR,South-East Asia,YEAR,2021,,,,,,,,,16 159 858,16159858,,,,2025-12-19T14:55:21Z,2021,01/01/2021,31/12/2021,,,
9479853,MALARIA_IRS_COVERAGE,COUNTRY,CRI,AMR,Americas,YEAR,2018,,,,,,,,,4095,4095,,,,2025-12-19T14:55:21Z,2018,01/01/2018,31/12/2018,,,
3560537,MALARIA_IRS_COVERAGE,COUNTRY,BOL,AMR,Americas,YEAR,2017,,,,,,,,,20 000,20000,,,,2025-12-19T14:55:21Z,2017,01/01/2017,31/12/2017,,,
10203309,MALARIA_IRS_COVERAGE,COUNTRY,GNQ,AFR,Africa,YEAR,2019,,,,,,,,,61 561,61561,,,,2025-12-19T14:55:21Z,2019,01/01/2019,31/12/2019,,,
7528988,MALARIA_IRS_COVERAGE,REGION,SEAR,,,YEAR,2017,,,,,,,,,41 174 108,41174108,,,,2025-12-19T14:55:21Z,2017,01/01/2017,31/12/2017,,,
6045578,MALARIA_IRS_COVERAGE,COUNTRY,TZA,AFR,Africa,YEAR,2015,,,,,,,,,14 684 925,14684925,,,,2025-12-19T14:55:21Z,2015,01/01/2015,31/12/2015,,,
4465702,MALARIA_IRS_COVERAGE,COUNTRY,IRN,EMR,Eastern Mediterranean,YEAR,2021,,,,,,,,,47 762,47762,,,,2025-12-19T14:55:21Z,2021,01/01/2021,31/12/2021,,,
375109,MALARIA_IRS_COVERAGE,COUNTRY,BTN,SEAR,South-East Asia,YEAR,2019,,,,,,,,,118 730,118730,,,,2025-12-19T14:55:21Z,2019,01/01/2019,31/12/2019,,,
10209677,MALARIA_IRS_COVERAGE,COUNTRY,TZA,AFR,Africa,YEAR,2018,,,,,,,,,2 842 635,2842635,,,,2025-12-19T14:55:21Z,2018,01/01/2018,31/12/2018,,,
8186902,MALARIA_IRS_COVERAGE,COUNTRY,SDN,EMR,Eastern Mediterranean,YEAR,2018,,,,,,,,,3 830 195,3830195,,,,2025-12-19T14:55:21Z,2018,01/01/2018,31/12/2018,,,
4389589,MALARIA_IRS_COVERAGE,COUNTRY,SAU,EMR,Eastern Mediterranean,YEAR,2020,,,,,,,,,129 105,129105,,,,2025-12-19T14:55:21Z,2020,01/01/2020,31/12/2020,,,
882048,MALARIA_IRS_COVERAGE,COUNTRY,BGD,SEAR,South-East Asia,YEAR,2018,,,,,,,,,72 000,72000,,,,2025-12-19T14:55:21Z,2018,01/01/2018,31/12/2018,,,
6196135,MALARIA_IRS_COVERAGE,COUNTRY,MMR,SEAR,South-East Asia,YEAR,2022,,,,,,,,,21 566,21566,,,,2025-12-19T14:55:21Z,2022,01/01/2022,31/12/2022,,,
4630797,MALARIA_IRS_COVERAGE,COUNTRY,MYS,WPR,Western Pacific,YEAR,2020,,,,,,,,,305 688,305688,,,,2025-12-19T14:55:21Z,2020,01/01/2020,31/12/2020,,,
4529257,MALARIA_IRS_COVERAGE,COUNTRY,IDN,WPR,Western Pacific,YEAR,2016,,,,,,,,,6240,6240,,,,2025-12-19T14:55:21Z,2016,01/01/2016,31/12/2016,,,
3225550,MALARIA_IRS_COVERAGE,COUNTRY,KEN,AFR,Africa,YEAR,2024,,,,,,,,,1 474 077,1474077,,,,2025-12-19T14:55:21Z,2024,01/01/2024,31/12/2024,,,
8989656,MALARIA_IRS_COVERAGE,COUNTRY,SEN,AFR,Africa,YEAR,2019,,,,,,,,,51 652,51652,,,,2025-12-19T14:55:21Z,2019,01/01/2019,31/12/2019,,,
9357447,MALARIA_IRS_COVERAGE,COUNTRY,VNM,WPR,Western Pacific,YEAR,2022,,,,,,,,,304 446,304446,,,,2025-12-19T14:55:21Z,2022,01/01/2022,31/12/2022,,,
3403031,MALARIA_IRS_COVERAGE,COUNTRY,ZAF,AFR,Africa,YEAR,2018,,,,,,,,,1 600 747,1600747,,,,2025-12-19T14:55:21Z,2018,01/01/2018,31/12/2018,,,
6688348,MALARIA_IRS_COVERAGE,COUNTRY,GMB,AFR,Africa,YEAR,2019,,,,,,,,,507 872,507872,,,,2025-12-19T14:55:21Z,2019,01/01/2019,31/12/2019,,,
5327023,MALARIA_IRS_COVERAGE,COUNTRY,ETH,AFR,Africa,YEAR,2020,,,,,,,,,6 349 834,6349834,,,,2025-12-19T14:55:21Z,2020,01/01/2020,31/12/2020,,,
1620010,MALARIA_IRS_COVERAGE,REGION,SEAR,,,YEAR,2019,,,,,,,,,31 677 253,31677253,,,,2025-12-19T14:55:21Z,2019,01/01/2019,31/12/2019,,,
6454125,MALARIA_IRS_COVERAGE,COUNTRY,MOZ,AFR,Africa,YEAR,2020,,,,,,,,,6 880 851,6880851,,,,2025-12-19T14:55:21Z,2020,01/01/2020,31/12/2020,,,
1034224,MALARIA_IRS_COVERAGE,COUNTRY,MWI,AFR,Africa,YEAR,2022,,,,,,,,,2 363 146,2363146,,,,2025-12-19T14:55:21Z,2022,01/01/2022,31/12/2022,,,
10044732,MALARIA_IRS_COVERAGE,COUNTRY,THA,SEAR,South-East Asia,YEAR,2023,,,,,,,,,261 496,261496,,,,2025-12-19T14:55:21Z,2023,01/01/2023,31/12/2023,,,
6002296,MALARIA_IRS_COVERAGE,COUNTRY,LAO,WPR,Western Pacific,YEAR,2021,,,,,,,,,5606,5606,,,,2025-12-19T14:55:21Z,2021,01/01/2021,31/12/2021,,,
2840361,MALARIA_IRS_COVERAGE,COUNTRY,CPV,AFR,Africa,YEAR,2020,,,,,,,,,233 171,233171,,,,2025-12-19T14:55:21Z,2020,01/01/2020,31/12/2020,,,
8699095,MALARIA_IRS_COVERAGE,COUNTRY,PAK,EMR,Eastern Mediterranean,YEAR,2015,,,,,,,,,1 685 264,1685264,,,,2025-12-19T14:55:21Z,2015,01/01/2015,31/12/2015,,,
9110591,MALARIA_IRS_COVERAGE,COUNTRY,PRY,AMR,Americas,YEAR,2020,,,,,,,,,922,922,,,,2025-12-19T14:55:21Z,2020,01/01/2020,31/12/2020,,,
7604695,MALARIA_IRS_COVERAGE,COUNTRY,LKA,SEAR,South-East Asia,YEAR,2022,,,,,,,,,1267,1267,,,,2025-12-19T14:55:21Z,2022,01/01/2022,31/12/2022,,,
9325882,MALARIA_IRS_COVERAGE,COUNTRY,SWZ,AFR,Africa,YEAR,2021,,,,,,,,,67 346,67346,,,,2025-12-19T14:55:21Z,2021,01/01/2021,31/12/2021,,,
3415884,MALARIA_IRS_COVERAGE,COUNTRY,RWA,AFR,Africa,YEAR,2021,,,,,,,,,5 170 303,5170303,,,,2025-12-19T14:55:21Z,2021,01/01/2021,31/12/2021,,,
8471943,MALARIA_IRS_COVERAGE,COUNTRY,VNM,WPR,Western Pacific,YEAR,2018,,,,,,,,,319 866,319866,,,,2025-12-19T14:55:21Z,2018,01/01/2018,31/12/2018,,,
8541350,MALARIA_IRS_COVERAGE,COUNTRY,SLB,WPR,Western Pacific,YEAR,2016,,,,,,,,,16 179,16179,,,,2025-12-19T14:55:21Z,2016,01/01/2016,31/12/2016,,,
3971996,MALARIA_IRS_COVERAGE,COUNTRY,TZA,AFR,Africa,YEAR,2017,,,,,,,,,2 759 641,2759641,,,,2025-12-19T14:55:21Z,2017,01/01/2017,31/12/2017,,,
1173771,MALARIA_IRS_COVERAGE,COUNTRY,SEN,AFR,Africa,YEAR,2015,,,,,,,,,514 833,514833,,,,2025-12-19T14:55:21Z,2015,01/01/2015,31/12/2015,,,
2928920,MALARIA_IRS_COVERAGE,COUNTRY,RWA,AFR,Africa,YEAR,2020,,,,,,,,,5 043 795,5043795,,,,2025-12-19T14:55:21Z,2020,01/01/2020,31/12/2020,,,
7819339,MALARIA_IRS_COVERAGE,COUNTRY,PRK,SEAR,South-East Asia,YEAR,2017,,,,,,,,,1 147 548,1147548,,,,2025-12-19T14:55:21Z,2017,01/01/2017,31/12/2017,,,
489653,MALARIA_IRS_COVERAGE,COUNTRY,GHA,AFR,Africa,YEAR,2017,,,,,,,,,1 868 861,1868861,,,,2025-12-19T14:55:21Z,2017,01/01/2017,31/12/2017,,,
7035942,MALARIA_IRS_COVERAGE,COUNTRY,PHL,WPR,Western Pacific,YEAR,2017,,,,,,,,,490 640,490640,,,,2025-12-19T14:55:21Z,2017,01/01/2017,31/12/2017,,,
8786784,MALARIA_IRS_COVERAGE,COUNTRY,SOM,EMR,Eastern Mediterranean,YEAR,2016,,,,,,,,,11 015,11015,,,,2025-12-19T14:55:21Z,2016,01/01/2016,31/12/2016,,,
8067132,MALARIA_IRS_COVERAGE,COUNTRY,BEN,AFR,Africa,YEAR,2021,,,,,,,,,927 007,927007,,,,2025-12-19T14:55:21Z,2021,01/01/2021,31/12/2021,,,
4003669,MALARIA_IRS_COVERAGE,COUNTRY,UGA,AFR,Africa,YEAR,2022,,,,,,,,,6 876 371,6876371,,,,2025-12-19T14:55:21Z,2022,01/01/2022,31/12/2022,,,
343757,MALARIA_IRS_COVERAGE,COUNTRY,AGO,AFR,Africa,YEAR,2022,,,,,,,,,863 135,863135,,,,2025-12-19T14:55:21Z,2022,01/01/2022,31/12/2022,,,
4041758,MALARIA_IRS_COVERAGE,COUNTRY,NIC,AMR,Americas,YEAR,2019,,,,,,,,,139 795,139795,,,,2025-12-19T14:55:21Z,2019,01/01/2019,31/12/2019,,,
6359480,MALARIA_IRS_COVERAGE,COUNTRY,DJI,EMR,Eastern Mediterranean,YEAR,2019,,,,,,,,,37 663,37663,,,,2025-12-19T14:55:21Z,2019,01/01/2019,31/12/2019,,,
901533,MALARIA_IRS_COVERAGE,COUNTRY,DJI,EMR,Eastern Mediterranean,YEAR,2024,,,,,,,,,76 043,76043,,,,2025-12-19T14:55:21Z,2024,01/01/2024,31/12/2024,,,
584914,MALARIA_IRS_COVERAGE,COUNTRY,MDG,AFR,Africa,YEAR,2019,,,,,,,,,1 640 183,1640183,,,,2025-12-19T14:55:21Z,2019,01/01/2019,31/12/2019,,,
2659730,MALARIA_IRS_COVERAGE,COUNTRY,ZAF,AFR,Africa,YEAR,2016,,,,,,,,,1 165 955,1165955,,,,2025-12-19T14:55:21Z,2016,01/01/2016,31/12/2016,,,
6416523,MALARIA_IRS_COVERAGE,REGION,WPR,,,YEAR,2021,,,,,,,,,1 089 490,1089490,,,,2025-12-19T14:55:21Z,2021,01/01/2021,31/12/2021,,,
5106645,MALARIA_IRS_COVERAGE,COUNTRY,NPL,SEAR,South-East Asia,YEAR,2020,,,,,,,,,41 235,41235,,,,2025-12-19T14:55:21Z,2020,01/01/2020,31/12/2020,,,
7428271,MALARIA_IRS_COVERAGE,COUNTRY,BTN,SEAR,South-East Asia,YEAR,2023,,,,,,,,,51 430,51430,,,,2025-12-19T14:55:21Z,2023,01/01/2023,31/12/2023,,,
9819213,MALARIA_IRS_COVERAGE,COUNTRY,GTM,AMR,Americas,YEAR,2019,,,,,,,,,4091,4091,,,,2025-12-19T14:55:21Z,2019,01/01/2019,31/12/2019,,,
1047280,MALARIA_IRS_COVERAGE,COUNTRY,MOZ,AFR,Africa,YEAR,2023,,,,,,,,,7 123 505,7123505,,,,2025-12-19T14:55:21Z,2023,01/01/2023,31/12/2023,,,
3194363,MALARIA_IRS_COVERAGE,COUNTRY,SOM,EMR,Eastern Mediterranean,YEAR,2019,,,,,,,,,82 720,82720,,,,2025-12-19T14:55:21Z,2019,01/01/2019,31/12/2019,,,
7914848,MALARIA_IRS_COVERAGE,COUNTRY,NPL,SEAR,South-East Asia,YEAR,2023,,,,,,,,,489 746,489746,,,,2025-12-19T14:55:21Z,2023,01/01/2023,31/12/2023,,,
1594969,MALARIA_IRS_COVERAGE,COUNTRY,BWA,AFR,Africa,YEAR,2018,,,,,,,,,83 488,83488,,,,2025-12-19T14:55:21Z,2018,01/01/2018,31/12/2018,,,
8724811,MALARIA_IRS_COVERAGE,COUNTRY,BDI,AFR,Africa,YEAR,2017,,,,,,,,,848 441,848441,,,,2025-12-19T14:55:21Z,2017,01/01/2017,31/12/2017,,,
3972240,MALARIA_IRS_COVERAGE,COUNTRY,VEN,AMR,Americas,YEAR,2015,,,,,,,,,2 739 290,2739290,,,,2025-12-19T14:55:21Z,2015,01/01/2015,31/12/2015,,,
3087013,MALARIA_IRS_COVERAGE,REGION,AMR,,,YEAR,2018,,,,,,,,,1 722 927,1722927,,,,2025-12-19T14:55:21Z,2018,01/01/2018,31/12/2018,,,
1867910,MALARIA_IRS_COVERAGE,COUNTRY,GNQ,AFR,Africa,YEAR,2016,,,,,,,,,82 749,82749,,,,2025-12-19T14:55:21Z,2016,01/01/2016,31/12/2016,,,
477213,MALARIA_IRS_COVERAGE,REGION,AFR,,,YEAR,2016,,,,,,,,,51 815 973,51815973,,,,2025-12-19T14:55:21Z,2016,01/01/2016,31/12/2016,,,
8793378,MALARIA_IRS_COVERAGE,COUNTRY,TLS,SEAR,South-East Asia,YEAR,2018,,,,,,,,,154 410,154410,,,,2025-12-19T14:55:21Z,2018,01/01/2018,31/12/2018,,,
7554662,MALARIA_IRS_COVERAGE,COUNTRY,TZA,AFR,Africa,YEAR,2016,,,,,,,,,2 405 067,2405067,,,,2025-12-19T14:55:21Z,2016,01/01/2016,31/12/2016,,,
6397629,MALARIA_IRS_COVERAGE,COUNTRY,MDG,AFR,Africa,YEAR,2020,,,,,,,,,981 936,981936,,,,2025-12-19T14:55:21Z,2020,01/01/2020,31/12/2020,,,
6985684,MALARIA_IRS_COVERAGE,REGION,AMR,,,YEAR,2021,,,,,,,,,2 410 527,2410527,,,,2025-12-19T14:55:21Z,2021,01/01/2021,31/12/2021,,,
2483048,MALARIA_IRS_COVERAGE,COUNTRY,NIC,AMR,Americas,YEAR,2016,,,,,,,,,147 801,147801,,,,2025-12-19T14:55:21Z,2016,01/01/2016,31/12/2016,,,
7358851,MALARIA_IRS_COVERAGE,COUNTRY,RWA,AFR,Africa,YEAR,2018,,,,,,,,,1 621 955,1621955,,,,2025-12-19T14:55:21Z,2018,01/01/2018,31/12/2018,,,
5764915,MALARIA_IRS_COVERAGE,COUNTRY,BEN,AFR,Africa,YEAR,2016,,,,,,,,,853 221,853221,,,,2025-12-19T14:55:21Z,2016,01/01/2016,31/12/2016,,,
173674,MALARIA_IRS_COVERAGE,COUNTRY,TCD,AFR,Africa,YEAR,2022,,,,,,,,,1 104 986,1104986,,,,2025-12-19T14:55:21Z,2022,01/01/2022,31/12/2022,,,
6252574,MALARIA_IRS_COVERAGE,COUNTRY,BTN,SEAR,South-East Asia,YEAR,2015,,,,,,,,,70 926,70926,,,,2025-12-19T14:55:21Z,2015,01/01/2015,31/12/2015,,,
9607301,MALARIA_IRS_COVERAGE,COUNTRY,ZWE,AFR,Africa,YEAR,2015,,,,,,,,,3 548 246,3548246,,,,2025-12-19T14:55:21Z,2015,01/01/2015,31/12/2015,,,
5505088,MALARIA_IRS_COVERAGE,COUNTRY,BRA,AMR,Americas,YEAR,2019,,,,,,,,,84 126,84126,,,,2025-12-19T14:55:21Z,2019,01/01/2019,31/12/2019,,,
9275556,MALARIA_IRS_COVERAGE,COUNTRY,CRI,AMR,Americas,YEAR,2021,,,,,,,,,27 756,27756,,,,2025-12-19T14:55:21Z,2021,01/01/2021,31/12/2021,,,
5150577,MALARIA_IRS_COVERAGE,COUNTRY,ETH,AFR,Africa,YEAR,2021,,,,,,,,,6 690 048,6690048,,,,2025-12-19T14:55:21Z,2021,01/01/2021,31/12/2021,,,
3858215,MALARIA_IRS_COVERAGE,REGION,AMR,,,YEAR,2015,,,,,,,,,3 974 669,3974669,,,,2025-12-19T14:55:21Z,2015,01/01/2015,31/12/2015,,,
2746004,MALARIA_IRS_COVERAGE,COUNTRY,UGA,AFR,Africa,YEAR,2018,,,,,,,,,4 436 156,4436156,,,,2025-12-19T14:55:21Z,2018,01/01/2018,31/12/2018,,,
8421651,MALARIA_IRS_COVERAGE,REGION,AFR,,,YEAR,2017,,,,,,,,,57 113 838,57113838,,,,2025-12-19T14:55:21Z,2017,01/01/2017,31/12/2017,,,
1104670,MALARIA_IRS_COVERAGE,COUNTRY,IDN,WPR,Western Pacific,YEAR,2020,,,,,,,,,38 332,38332,,,,2025-12-19T14:55:21Z,2020,01/01/2020,31/12/2020,,,
2584411,MALARIA_IRS_COVERAGE,COUNTRY,SWZ,AFR,Africa,YEAR,2020,,,,,,,,,53 517,53517,,,,2025-12-19T14:55:21Z,2020,01/01/2020,31/12/2020,,,
6215450,MALARIA_IRS_COVERAGE,COUNTRY,SSD,AFR,Africa,YEAR,2017,,,,,,,,,153 285,153285,,,,2025-12-19T14:55:21Z,2017,01/01/2017,31/12/2017,,,
8844312,MALARIA_IRS_COVERAGE,COUNTRY,HND,AMR,Americas,YEAR,2016,,,,,,,,,360 553,360553,,,,2025-12-19T14:55:21Z,2016,01/01/2016,31/12/2016,,,
4619024,MALARIA_IRS_COVERAGE,COUNTRY,NAM,AFR,Africa,YEAR,2021,,,,,,,,,288 039,288039,,,,2025-12-19T14:55:21Z,2021,01/01/2021,31/12/2021,,,
1601661,MALARIA_IRS_COVERAGE,COUNTRY,ZWE,AFR,Africa,YEAR,2019,,,,,,,,,3 164 344,3164344,,,,2025-12-19T14:55:21Z,2019,01/01/2019,31/12/2019,,,
8971313,MALARIA_IRS_COVERAGE,COUNTRY,ZWE,AFR,Africa,YEAR,2016,,,,,,,,,3 674 932,3674932,,,,2025-12-19T14:55:21Z,2016,01/01/2016,31/12/2016,,,
2622254,MALARIA_IRS_COVERAGE,COUNTRY,GTM,AMR,Americas,YEAR,2024,,,,,,,,,24 028,24028,,,,2025-12-19T14:55:21Z,2024,01/01/2024,31/12/2024,,,
2992678,MALARIA_IRS_COVERAGE,COUNTRY,PER,AMR,Americas,YEAR,2017,,,,,,,,,62 804,62804,,,,2025-12-19T14:55:21Z,2017,01/01/2017,31/12/2017,,,
3649812,MALARIA_IRS_COVERAGE,COUNTRY,SSD,AFR,Africa,YEAR,2015,,,,,,,,,296 977,296977,,,,2025-12-19T14:55:21Z,2015,01/01/2015,31/12/2015,,,
7359117,MALARIA_IRS_COVERAGE,COUNTRY,NAM,AFR,Africa,YEAR,2019,,,,,,,,,149 306,149306,,,,2025-12-19T14:55:21Z,2019,01/01/2019,31/12/2019,,,
9003130,MALARIA_IRS_COVERAGE,COUNTRY,DOM,AMR,Americas,YEAR,2021,,,,,,,,,107 375,107375,,,,2025-12-19T14:55:21Z,2021,01/01/2021,31/12/2021,,,
1378784,MALARIA_IRS_COVERAGE,COUNTRY,ECU,AMR,Americas,YEAR,2017,,,,,,,,,667 111,667111,,,,2025-12-19T14:55:21Z,2017,01/01/2017,31/12/2017,,,
3605356,MALARIA_IRS_COVERAGE,COUNTRY,PER,AMR,Americas,YEAR,2019,,,,,,,,,59 438,59438,,,,2025-12-19T14:55:21Z,2019,01/01/2019,31/12/2019,,,
7011376,MALARIA_IRS_COVERAGE,COUNTRY,TLS,SEAR,South-East Asia,YEAR,2019,,,,,,,,,175 654,175654,,,,2025-12-19T14:55:21Z,2019,01/01/2019,31/12/2019,,,
4092723,MALARIA_IRS_COVERAGE,COUNTRY,AFG,EMR,Eastern Mediterranean,YEAR,2023,,,,,,,,,38 568,38568,,,,2025-12-19T14:55:21Z,2023,01/01/2023,31/12/2023,,,
7832766,MALARIA_IRS_COVERAGE,GLOBAL,GLOBAL,,,YEAR,2017,,,,,,,,,107 822 121,107822121,,,,2025-12-19T14:55:21Z,2017,01/01/2017,31/12/2017,,,
5088147,MALARIA_IRS_COVERAGE,COUNTRY,MDG,AFR,Africa,YEAR,2022,,,,,,,,,990 154,990154,,,,2025-12-19T14:55:21Z,2022,01/01/2022,31/12/2022,,,
4067789,MALARIA_IRS_COVERAGE,COUNTRY,BLZ,AMR,Americas,YEAR,2015,,,,,,,,,36 796,36796,,,,2025-12-19T14:55:21Z,2015,01/01/2015,31/12/2015,,,
4130918,MALARIA_IRS_COVERAGE,COUNTRY,IDN,WPR,Western Pacific,YEAR,2015,,,,,,,,,53 497,53497,,,,2025-12-19T14:55:21Z,2015,01/01/2015,31/12/2015,,,
5885693,MALARIA_IRS_COVERAGE,COUNTRY,CIV,AFR,Africa,YEAR,2022,,,,,,,,,228 432,228432,,,,2025-12-19T14:55:21Z,2022,01/01/2022,31/12/2022,,,
3574104,MALARIA_IRS_COVERAGE,COUNTRY,SLV,AMR,Americas,YEAR,2020,,,,,,,,,2274,2274,,,,2025-12-19T14:55:21Z,2020,01/01/2020,31/12/2020,,,
2045981,MALARIA_IRS_COVERAGE,COUNTRY,GMB,AFR,Africa,YEAR,2015,,,,,,,,,438 234,438234,,,,2025-12-19T14:55:21Z,2015,01/01/2015,31/12/2015,,,
2413715,MALARIA_IRS_COVERAGE,COUNTRY,MDG,AFR,Africa,YEAR,2023,,,,,,,,,932 715,932715,,,,2025-12-19T14:55:21Z,2023,01/01/2023,31/12/2023,,,
5132609,MALARIA_IRS_COVERAGE,COUNTRY,LAO,WPR,Western Pacific,YEAR,2018,,,,,,,,,2052,2052,,,,2025-12-19T14:55:21Z,2018,01/01/2018,31/12/2018,,,
5182687,MALARIA_IRS_COVERAGE,COUNTRY,MEX,AMR,Americas,YEAR,2021,,,,,,,,,142 618,142618,,,,2025-12-19T14:55:21Z,2021,01/01/2021,31/12/2021,,,
9396442,MALARIA_IRS_COVERAGE,COUNTRY,PER,AMR,Americas,YEAR,2016,,,,,,,,,30 499,30499,,,,2025-12-19T14:55:21Z,2016,01/01/2016,31/12/2016,,,
237198,MALARIA_IRS_COVERAGE,COUNTRY,CPV,AFR,Africa,YEAR,2023,,,,,,,,,128 511,128511,,,,2025-12-19T14:55:21Z,2023,01/01/2023,31/12/2023,,,
6435954,MALARIA_IRS_COVERAGE,REGION,AMR,,,YEAR,2017,,,,,,,,,1 573 368,1573368,,,,2025-12-19T14:55:21Z,2017,01/01/2017,31/12/2017,,,
1142756,MALARIA_IRS_COVERAGE,COUNTRY,HND,AMR,Americas,YEAR,2022,,,,,,,,,101 386,101386,,,,2025-12-19T14:55:21Z,2022,01/01/2022,31/12/2022,,,
3201125,MALARIA_IRS_COVERAGE,COUNTRY,PRK,SEAR,South-East Asia,YEAR,2020,,,,,,,,,402 861,402861,,,,2025-12-19T14:55:21Z,2020,01/01/2020,31/12/2020,,,
3650033,MALARIA_IRS_COVERAGE,COUNTRY,BWA,AFR,Africa,YEAR,2020,,,,,,,,,152 560,152560,,,,2025-12-19T14:55:21Z,2020,01/01/2020,31/12/2020,,,
9746789,MALARIA_IRS_COVERAGE,COUNTRY,ERI,AFR,Africa,YEAR,2018,,,,,,,,,376 143,376143,,,,2025-12-19T14:55:21Z,2018,01/01/2018,31/12/2018,,,
7871001,MALARIA_IRS_COVERAGE,COUNTRY,ZAF,AFR,Africa,YEAR,2015,,,,,,,,,1 178 719,1178719,,,,2025-12-19T14:55:21Z,2015,01/01/2015,31/12/2015,,,
4663414,MALARIA_IRS_COVERAGE,REGION,SEAR,,,YEAR,2016,,,,,,,,,45 437 644,45437644,,,,2025-12-19T14:55:21Z,2016,01/01/2016,31/12/2016,,,
6777505,MALARIA_IRS_COVERAGE,COUNTRY,HND,AMR,Americas,YEAR,2017,,,,,,,,,225 027,225027,,,,2025-12-19T14:55:21Z,2017,01/01/2017,31/12/2017,,,
1200075,MALARIA_IRS_COVERAGE,COUNTRY,SAU,EMR,Eastern Mediterranean,YEAR,2017,,,,,,,,,253 222,253222,,,,2025-12-19T14:55:21Z,2017,01/01/2017,31/12/2017,,,
1406217,MALARIA_IRS_COVERAGE,COUNTRY,PER,AMR,Americas,YEAR,2023,,,,,,,,,76 760,76760,,,,2025-12-19T14:55:21Z,2023,01/01/2023,31/12/2023,,,
199599,MALARIA_IRS_COVERAGE,COUNTRY,IND,SEAR,South-East Asia,YEAR,2019,,,,,,,,,30 363 425,30363425,,,,2025-12-19T14:55:21Z,2019,01/01/2019,31/12/2019,,,
281732,MALARIA_IRS_COVERAGE,COUNTRY,COM,AFR,Africa,YEAR,2023,,,,,,,,,8140,8140,,,,2025-12-19T14:55:21Z,2023,01/01/2023,31/12/2023,,,
5056686,MALARIA_IRS_COVERAGE,COUNTRY,TCD,AFR,Africa,YEAR,2021,,,,,,,,,613 037,613037,,,,2025-12-19T14:55:21Z,2021,01/01/2021,31/12/2021,,,
8870227,MALARIA_IRS_COVERAGE,COUNTRY,DJI,EMR,Eastern Mediterranean,YEAR,2021,,,,,,,,,116 961,116961,,,,2025-12-19T14:55:21Z,2021,01/01/2021,31/12/2021,,,
4524084,MALARIA_IRS_COVERAGE,COUNTRY,SAU,EMR,Eastern Mediterranean,YEAR,2021,,,,,,,,,95 754,95754,,,,2025-12-19T14:55:21Z,2021,01/01/2021,31/12/2021,,,
9449860,MALARIA_IRS_COVERAGE,COUNTRY,NPL,SEAR,South-East Asia,YEAR,2015,,,,,,,,,329 905,329905,,,,2025-12-19T14:55:21Z,2015,01/01/2015,31/12/2015,,,
674176,MALARIA_IRS_COVERAGE,COUNTRY,BEN,AFR,Africa,YEAR,2020,,,,,,,,,1 104 928,1104928,,,,2025-12-19T14:55:21Z,2020,01/01/2020,31/12/2020,,,
2217051,MALARIA_IRS_COVERAGE,COUNTRY,TLS,SEAR,South-East Asia,YEAR,2023,,,,,,,,,68 363,68363,,,,2025-12-19T14:55:21Z,2023,01/01/2023,31/12/2023,,,
4213836,MALARIA_IRS_COVERAGE,COUNTRY,UGA,AFR,Africa,YEAR,2020,,,,,,,,,4 671 960,4671960,,,,2025-12-19T14:55:21Z,2020,01/01/2020,31/12/2020,,,
7561676,MALARIA_IRS_COVERAGE,COUNTRY,SWZ,AFR,Africa,YEAR,2017,,,,,,,,,21 316,21316,,,,2025-12-19T14:55:21Z,2017,01/01/2017,31/12/2017,,,
9250990,MALARIA_IRS_COVERAGE,COUNTRY,MOZ,AFR,Africa,YEAR,2018,,,,,,,,,4 211 138,4211138,,,,2025-12-19T14:55:21Z,2018,01/01/2018,31/12/2018,,,
6556244,MALARIA_IRS_COVERAGE,COUNTRY,MLI,AFR,Africa,YEAR,2015,,,,,,,,,494 163,494163,,,,2025-12-19T14:55:21Z,2015,01/01/2015,31/12/2015,,,
3941335,MALARIA_IRS_COVERAGE,COUNTRY,TCD,AFR,Africa,YEAR,2023,,,,,,,,,749 291,749291,,,,2025-12-19T14:55:21Z,2023,01/01/2023,31/12/2023,,,
4061776,MALARIA_IRS_COVERAGE,COUNTRY,SAU,EMR,Eastern Mediterranean,YEAR,2022,,,,,,,,,175 285,175285,,,,2025-12-19T14:55:21Z,2022,01/01/2022,31/12/2022,,,
7618443,MALARIA_IRS_COVERAGE,COUNTRY,BLZ,AMR,Americas,YEAR,2017,,,,,,,,,37 466,37466,,,,2025-12-19T14:55:21Z,2017,01/01/2017,31/12/2017,,,
3170014,MALARIA_IRS_COVERAGE,COUNTRY,PAN,AMR,Americas,YEAR,2015,,,,,,,,,11 581,11581,,,,2025-12-19T14:55:21Z,2015,01/01/2015,31/12/2015,,,
4011048,MALARIA_IRS_COVERAGE,COUNTRY,SOM,EMR,Eastern Mediterranean,YEAR,2020,,,,,,,,,283 665,283665,,,,2025-12-19T14:55:21Z,2020,01/01/2020,31/12/2020,,,
2585039,MALARIA_IRS_COVERAGE,COUNTRY,GHA,AFR,Africa,YEAR,2018,,,,,,,,,1 855 326,1855326,,,,2025-12-19T14:55:21Z,2018,01/01/2018,31/12/2018,,,
1501246,MALARIA_IRS_COVERAGE,COUNTRY,PAN,AMR,Americas,YEAR,2022,,,,,,,,,6297,6297,,,,2025-12-19T14:55:21Z,2022,01/01/2022,31/12/2022,,,
1627607,MALARIA_IRS_COVERAGE,REGION,AMR,,,YEAR,2019,,,,,,,,,1 667 002,1667002,,,,2025-12-19T14:55:21Z,2019,01/01/2019,31/12/2019,,,
6468013,MALARIA_IRS_COVERAGE,COUNTRY,COL,AMR,Americas,YEAR,2016,,,,,,,,,1 180 400,1180400,,,,2025-12-19T14:55:21Z,2016,01/01/2016,31/12/2016,,,
8283369,MALARIA_IRS_COVERAGE,COUNTRY,BLZ,AMR,Americas,YEAR,2021,,,,,,,,,42 901,42901,,,,2025-12-19T14:55:21Z,2021,01/01/2021,31/12/2021,,,
8333847,MALARIA_IRS_COVERAGE,COUNTRY,MLI,AFR,Africa,YEAR,2020,,,,,,,,,503 043,503043,,,,2025-12-19T14:55:21Z,2020,01/01/2020,31/12/2020,,,
3973191,MALARIA_IRS_COVERAGE,COUNTRY,TZA,AFR,Africa,YEAR,2023,,,,,,,,,288 926,288926,,,,2025-12-19T14:55:21Z,2023,01/01/2023,31/12/2023,,,
7669255,MALARIA_IRS_COVERAGE,COUNTRY,SLB,WPR,Western Pacific,YEAR,2023,,,,,,,,,50 369,50369,,,,2025-12-19T14:55:21Z,2023,01/01/2023,31/12/2023,,,
34737,MALARIA_IRS_COVERAGE,COUNTRY,ERI,AFR,Africa,YEAR,2019,,,,,,,,,437 194,437194,,,,2025-12-19T14:55:21Z,2019,01/01/2019,31/12/2019,,,
5309387,MALARIA_IRS_COVERAGE,COUNTRY,COD,AFR,Africa,YEAR,2016,,,,,,,,,916 524,916524,,,,2025-12-19T14:55:21Z,2016,01/01/2016,31/12/2016,,,
3909808,MALARIA_IRS_COVERAGE,COUNTRY,NGA,AFR,Africa,YEAR,2016,,,,,,,,,130 061,130061,,,,2025-12-19T14:55:21Z,2016,01/01/2016,31/12/2016,,,
8991051,MALARIA_IRS_COVERAGE,COUNTRY,COM,AFR,Africa,YEAR,2024,,,,,,,,,49 623,49623,,,,2025-12-19T14:55:21Z,2024,01/01/2024,31/12/2024,,,
8656415,MALARIA_IRS_COVERAGE,COUNTRY,YEM,EMR,Eastern Mediterranean,YEAR,2022,,,,,,,,,1 529 755,1529755,,,,2025-12-19T14:55:21Z,2022,01/01/2022,31/12/2022,,,
7277523,MALARIA_IRS_COVERAGE,COUNTRY,ZMB,AFR,Africa,YEAR,2018,,,,,,,,,6 436 719,6436719,,,,2025-12-19T14:55:21Z,2018,01/01/2018,31/12/2018,,,
5803713,MALARIA_IRS_COVERAGE,COUNTRY,BWA,AFR,Africa,YEAR,2024,,,,,,,,,50 887,50887,,,,2025-12-19T14:55:21Z,2024,01/01/2024,31/12/2024,,,
263033,MALARIA_IRS_COVERAGE,COUNTRY,BRA,AMR,Americas,YEAR,2016,,,,,,,,,98 593,98593,,,,2025-12-19T14:55:21Z,2016,01/01/2016,31/12/2016,,,
1862759,MALARIA_IRS_COVERAGE,COUNTRY,BOL,AMR,Americas,YEAR,2016,,,,,,,,,12 689,12689,,,,2025-12-19T14:55:21Z,2016,01/01/2016,31/12/2016,,,
9715561,MALARIA_IRS_COVERAGE,COUNTRY,GHA,AFR,Africa,YEAR,2015,,,,,,,,,1 325 507,1325507,,,,2025-12-19T14:55:21Z,2015,01/01/2015,31/12/2015,,,
6487260,MALARIA_IRS_COVERAGE,COUNTRY,RWA,AFR,Africa,YEAR,2017,,,,,,,,,1 753 230,1753230,,,,2025-12-19T14:55:21Z,2017,01/01/2017,31/12/2017,,,
7018363,MALARIA_IRS_COVERAGE,COUNTRY,PRY,AMR,Americas,YEAR,2021,,,,,,,,,2357,2357,,,,2025-12-19T14:55:21Z,2021,01/01/2021,31/12/2021,,,
2211015,MALARIA_IRS_COVERAGE,COUNTRY,SWZ,AFR,Africa,YEAR,2023,,,,,,,,,43 318,43318,,,,2025-12-19T14:55:21Z,2023,01/01/2023,31/12/2023,,,
1225916,MALARIA_IRS_COVERAGE,COUNTRY,CPV,AFR,Africa,YEAR,2019,,,,,,,,,302 520,302520,,,,2025-12-19T14:55:21Z,2019,01/01/2019,31/12/2019,,,
10122368,MALARIA_IRS_COVERAGE,COUNTRY,MMR,SEAR,South-East Asia,YEAR,2016,,,,,,,,,44 484,44484,,,,2025-12-19T14:55:21Z,2016,01/01/2016,31/12/2016,,,
2692570,MALARIA_IRS_COVERAGE,COUNTRY,ECU,AMR,Americas,YEAR,2022,,,,,,,,,168 165,168165,,,,2025-12-19T14:55:21Z,2022,01/01/2022,31/12/2022,,,
7631429,MALARIA_IRS_COVERAGE,COUNTRY,MLI,AFR,Africa,YEAR,2021,,,,,,,,,233 663,233663,,,,2025-12-19T14:55:21Z,2021,01/01/2021,31/12/2021,,,
6696259,MALARIA_IRS_COVERAGE,REGION,EMR,,,YEAR,2016,,,,,,,,,5 098 278,5098278,,,,2025-12-19T14:55:21Z,2016,01/01/2016,31/12/2016,,,
7258609,MALARIA_IRS_COVERAGE,COUNTRY,KEN,AFR,Africa,YEAR,2017,,,,,,,,,906 388,906388,,,,2025-12-19T14:55:21Z,2017,01/01/2017,31/12/2017,,,
5689734,MALARIA_IRS_COVERAGE,COUNTRY,VEN,AMR,Americas,YEAR,2016,,,,,,,,,29 232,29232,,,,2025-12-19T14:55:21Z,2016,01/01/2016,31/12/2016,,,
10071531,MALARIA_IRS_COVERAGE,COUNTRY,GNQ,AFR,Africa,YEAR,2022,,,,,,,,,152 472,152472,,,,2025-12-19T14:55:21Z,2022,01/01/2022,31/12/2022,,,
2698935,MALARIA_IRS_COVERAGE,COUNTRY,BGD,SEAR,South-East Asia,YEAR,2019,,,,,,,,,98 786,98786,,,,2025-12-19T14:55:21Z,2019,01/01/2019,31/12/2019,,,
1932607,MALARIA_IRS_COVERAGE,COUNTRY,SLB,WPR,Western Pacific,YEAR,2015,,,,,,,,,175 683,175683,,,,2025-12-19T14:55:21Z,2015,01/01/2015,31/12/2015,,,
7922390,MALARIA_IRS_COVERAGE,COUNTRY,NAM,AFR,Africa,YEAR,2015,,,,,,,,,386 759,386759,,,,2025-12-19T14:55:21Z,2015,01/01/2015,31/12/2015,,,
8895910,MALARIA_IRS_COVERAGE,COUNTRY,GNQ,AFR,Africa,YEAR,2018,,,,,,,,,74 416,74416,,,,2025-12-19T14:55:21Z,2018,01/01/2018,31/12/2018,,,
4137954,MALARIA_IRS_COVERAGE,COUNTRY,DOM,AMR,Americas,YEAR,2017,,,,,,,,,30 361,30361,,,,2025-12-19T14:55:21Z,2017,01/01/2017,31/12/2017,,,
8435303,MALARIA_IRS_COVERAGE,COUNTRY,COM,AFR,Africa,YEAR,2020,,,,,,,,,57 658,57658,,,,2025-12-19T14:55:21Z,2020,01/01/2020,31/12/2020,,,
2930358,MALARIA_IRS_COVERAGE,COUNTRY,YEM,EMR,Eastern Mediterranean,YEAR,2024,,,,,,,,,540 597,540597,,,,2025-12-19T14:55:21Z,2024,01/01/2024,31/12/2024,,,
9450375,MALARIA_IRS_COVERAGE,COUNTRY,MEX,AMR,Americas,YEAR,2015,,,,,,,,,214 032,214032,,,,2025-12-19T14:55:21Z,2015,01/01/2015,31/12/2015,,,
1881898,MALARIA_IRS_COVERAGE,COUNTRY,ETH,AFR,Africa,YEAR,2018,,,,,,,,,10 486 854,10486854,,,,2025-12-19T14:55:21Z,2018,01/01/2018,31/12/2018,,,
8732429,MALARIA_IRS_COVERAGE,COUNTRY,PHL,WPR,Western Pacific,YEAR,2018,,,,,,,,,1 015 672,1015672,,,,2025-12-19T14:55:21Z,2018,01/01/2018,31/12/2018,,,
6110294,MALARIA_IRS_COVERAGE,COUNTRY,NIC,AMR,Americas,YEAR,2015,,,,,,,,,59 282,59282,,,,2025-12-19T14:55:21Z,2015,01/01/2015,31/12/2015,,,
6411537,MALARIA_IRS_COVERAGE,REGION,WPR,,,YEAR,2019,,,,,,,,,1 754 988,1754988,,,,2025-12-19T14:55:21Z,2019,01/01/2019,31/12/2019,,,
3612631,MALARIA_IRS_COVERAGE,COUNTRY,CRI,AMR,Americas,YEAR,2024,,,,,,,,,18 374,18374,,,,2025-12-19T14:55:21Z,2024,01/01/2024,31/12/2024,,,
5563420,MALARIA_IRS_COVERAGE,COUNTRY,IDN,WPR,Western Pacific,YEAR,2023,,,,,,,,,161 107,161107,,,,2025-12-19T14:55:21Z,2023,01/01/2023,31/12/2023,,,
7656959,MALARIA_IRS_COVERAGE,COUNTRY,CIV,AFR,Africa,YEAR,2020,,,,,,,,,193 935,193935,,,,2025-12-19T14:55:21Z,2020,01/01/2020,31/12/2020,,,
6519051,MALARIA_IRS_COVERAGE,COUNTRY,ZAF,AFR,Africa,YEAR,2021,,,,,,,,,1 704 233,1704233,,,,2025-12-19T14:55:21Z,2021,01/01/2021,31/12/2021,,,
7062621,MALARIA_IRS_COVERAGE,COUNTRY,VNM,WPR,Western Pacific,YEAR,2017,,,,,,,,,151 153,151153,,,,2025-12-19T14:55:21Z,2017,01/01/2017,31/12/2017,,,
8851740,MALARIA_IRS_COVERAGE,COUNTRY,NIC,AMR,Americas,YEAR,2020,,,,,,,,,226 731,226731,,,,2025-12-19T14:55:21Z,2020,01/01/2020,31/12/2020,,,
1341611,MALARIA_IRS_COVERAGE,COUNTRY,MEX,AMR,Americas,YEAR,2024,,,,,,,,,36 456,36456,,,,2025-12-19T14:55:21Z,2024,01/01/2024,31/12/2024,,,
3549959,MALARIA_IRS_COVERAGE,COUNTRY,GNQ,AFR,Africa,YEAR,2015,,,,,,,,,76 067,76067,,,,2025-12-19T14:55:21Z,2015,01/01/2015,31/12/2015,,,
8644073,MALARIA_IRS_COVERAGE,COUNTRY,IND,SEAR,South-East Asia,YEAR,2020,,,,,,,,,23 950 862,23950862,,,,2025-12-19T14:55:21Z,2020,01/01/2020,31/12/2020,,,
8991443,MALARIA_IRS_COVERAGE,COUNTRY,MEX,AMR,Americas,YEAR,2016,,,,,,,,,112 184,112184,,,,2025-12-19T14:55:21Z,2016,01/01/2016,31/12/2016,,,
6550884,MALARIA_IRS_COVERAGE,COUNTRY,GTM,AMR,Americas,YEAR,2015,,,,,,,,,325,325,,,,2025-12-19T14:55:21Z,2015,01/01/2015,31/12/2015,,,
567365,MALARIA_IRS_COVERAGE,COUNTRY,MEX,AMR,Americas,YEAR,2023,,,,,,,,,31 527,31527,,,,2025-12-19T14:55:21Z,2023,01/01/2023,31/12/2023,,,
1232599,MALARIA_IRS_COVERAGE,COUNTRY,IDN,WPR,Western Pacific,YEAR,2017,,,,,,,,,3320,3320,,,,2025-12-19T14:55:21Z,2017,01/01/2017,31/12/2017,,,
2553821,MALARIA_IRS_COVERAGE,COUNTRY,ZMB,AFR,Africa,YEAR,2019,,,,,,,,,11 767 404,11767404,,,,2025-12-19T14:55:21Z,2019,01/01/2019,31/12/2019,,,
8441917,MALARIA_IRS_COVERAGE,COUNTRY,PAN,AMR,Americas,YEAR,2017,,,,,,,,,3921,3921,,,,2025-12-19T14:55:21Z,2017,01/01/2017,31/12/2017,,,
5322543,MALARIA_IRS_COVERAGE,COUNTRY,MDG,AFR,Africa,YEAR,2015,,,,,,,,,1 327 326,1327326,,,,2025-12-19T14:55:21Z,2015,01/01/2015,31/12/2015,,,
3821692,MALARIA_IRS_COVERAGE,COUNTRY,SEN,AFR,Africa,YEAR,2017,,,,,,,,,619 578,619578,,,,2025-12-19T14:55:21Z,2017,01/01/2017,31/12/2017,,,
5550916,MALARIA_IRS_COVERAGE,COUNTRY,IND,SEAR,South-East Asia,YEAR,2018,,,,,,,,,34 290 886,34290886,,,,2025-12-19T14:55:21Z,2018,01/01/2018,31/12/2018,,,
2402039,MALARIA_IRS_COVERAGE,COUNTRY,MMR,SEAR,South-East Asia,YEAR,2023,,,,,,,,,21 122,21122,,,,2025-12-19T14:55:21Z,2023,01/01/2023,31/12/2023,,,
9444294,MALARIA_IRS_COVERAGE,COUNTRY,ETH,AFR,Africa,YEAR,2016,,,,,,,,,15 050 413,15050413,,,,2025-12-19T14:55:21Z,2016,01/01/2016,31/12/2016,,,
6930110,MALARIA_IRS_COVERAGE,COUNTRY,DOM,AMR,Americas,YEAR,2020,,,,,,,,,37 821,37821,,,,2025-12-19T14:55:21Z,2020,01/01/2020,31/12/2020,,,
1239088,MALARIA_IRS_COVERAGE,COUNTRY,MLI,AFR,Africa,YEAR,2016,,,,,,,,,788 711,788711,,,,2025-12-19T14:55:21Z,2016,01/01/2016,31/12/2016,,,
5531924,MALARIA_IRS_COVERAGE,COUNTRY,GHA,AFR,Africa,YEAR,2016,,,,,,,,,1 409 967,1409967,,,,2025-12-19T14:55:21Z,2016,01/01/2016,31/12/2016,,,
2389393,MALARIA_IRS_COVERAGE,COUNTRY,SAU,EMR,Eastern Mediterranean,YEAR,2023,,,,,,,,,160 961,160961,,,,2025-12-19T14:55:21Z,2023,01/01/2023,31/12/2023,,,
6273014,MALARIA_IRS_COVERAGE,COUNTRY,GUF,AMR,Americas,YEAR,2024,,,,,,,,,1382,1382,,,,2025-12-19T14:55:21Z,2024,01/01/2024,31/12/2024,,,
8176302,MALARIA_IRS_COVERAGE,COUNTRY,THA,SEAR,South-East Asia,YEAR,2018,,,,,,,,,165 580,165580,,,,2025-12-19T14:55:21Z,2018,01/01/2018,31/12/2018,,,
3417705,MALARIA_IRS_COVERAGE,COUNTRY,ERI,AFR,Africa,YEAR,2024,,,,,,,,,418 514,418514,,,,2025-12-19T14:55:21Z,2024,01/01/2024,31/12/2024,,,
6809971,MALARIA_IRS_COVERAGE,COUNTRY,TLS,SEAR,South-East Asia,YEAR,2016,,,,,,,,,166 426,166426,,,,2025-12-19T14:55:21Z,2016,01/01/2016,31/12/2016,,,
7119573,MALARIA_IRS_COVERAGE,COUNTRY,PHL,WPR,Western Pacific,YEAR,2016,,,,,,,,,1 025 096,1025096,,,,2025-12-19T14:55:21Z,2016,01/01/2016,31/12/2016,,,
6867079,MALARIA_IRS_COVERAGE,COUNTRY,NPL,SEAR,South-East Asia,YEAR,2021,,,,,,,,,43 500,43500,,,,2025-12-19T14:55:21Z,2021,01/01/2021,31/12/2021,,,
5341674,MALARIA_IRS_COVERAGE,COUNTRY,PHL,WPR,Western Pacific,YEAR,2023,,,,,,,,,648 095,648095,,,,2025-12-19T14:55:21Z,2023,01/01/2023,31/12/2023,,,
8947133,MALARIA_IRS_COVERAGE,COUNTRY,PHL,WPR,Western Pacific,YEAR,2019,,,,,,,,,731 696,731696,,,,2025-12-19T14:55:21Z,2019,01/01/2019,31/12/2019,,,
5810691,MALARIA_IRS_COVERAGE,COUNTRY,SOM,EMR,Eastern Mediterranean,YEAR,2021,,,,,,,,,80 622,80622,,,,2025-12-19T14:55:21Z,2021,01/01/2021,31/12/2021,,,
377255,MALARIA_IRS_COVERAGE,COUNTRY,PRY,AMR,Americas,YEAR,2019,,,,,,,,,1163,1163,,,,2025-12-19T14:55:21Z,2019,01/01/2019,31/12/2019,,,
6816442,MALARIA_IRS_COVERAGE,COUNTRY,BFA,AFR,Africa,YEAR,2019,,,,,,,,,587 248,587248,,,,2025-12-19T14:55:21Z,2019,01/01/2019,31/12/2019,,,
8486525,MALARIA_IRS_COVERAGE,COUNTRY,ERI,AFR,Africa,YEAR,2022,,,,,,,,,503 111,503111,,,,2025-12-19T14:55:21Z,2022,01/01/2022,31/12/2022,,,
9858972,MALARIA_IRS_COVERAGE,COUNTRY,YEM,EMR,Eastern Mediterranean,YEAR,2017,,,,,,,,,1 338 585,1338585,,,,2025-12-19T14:55:21Z,2017,01/01/2017,31/12/2017,,,
7612923,MALARIA_IRS_COVERAGE,COUNTRY,IND,SEAR,South-East Asia,YEAR,2016,,,,,,,,,43 477 154,43477154,,,,2025-12-19T14:55:21Z,2016,01/01/2016,31/12/2016,,,
6658657,MALARIA_IRS_COVERAGE,GLOBAL,GLOBAL,,,YEAR,2021,,,,,,,,,83 607 545,83607545,,,,2025-12-19T14:55:21Z,2021,01/01/2021,31/12/2021,,,
6999890,MALARIA_IRS_COVERAGE,COUNTRY,MOZ,AFR,Africa,YEAR,2016,,,,,,,,,4 375 512,4375512,,,,2025-12-19T14:55:21Z,2016,01/01/2016,31/12/2016,,,
3354373,MALARIA_IRS_COVERAGE,COUNTRY,GNQ,AFR,Africa,YEAR,2023,,,,,,,,,120 894,120894,,,,2025-12-19T14:55:21Z,2023,01/01/2023,31/12/2023,,,
1780713,MALARIA_IRS_COVERAGE,COUNTRY,DOM,AMR,Americas,YEAR,2015,,,,,,,,,100 090,100090,,,,2025-12-19T14:55:21Z,2015,01/01/2015,31/12/2015,,,
5152091,MALARIA_IRS_COVERAGE,COUNTRY,GMB,AFR,Africa,YEAR,2021,,,,,,,,,423 511,423511,,,,2025-12-19T14:55:21Z,2021,01/01/2021,31/12/2021,,,
2085268,MALARIA_IRS_COVERAGE,COUNTRY,IRN,EMR,Eastern Mediterranean,YEAR,2020,,,,,,,,,73 846,73846,,,,2025-12-19T14:55:21Z,2020,01/01/2020,31/12/2020,,,
10078445,MALARIA_IRS_COVERAGE,COUNTRY,MMR,SEAR,South-East Asia,YEAR,2015,,,,,,,,,129 545,129545,,,,2025-12-19T14:55:21Z,2015,01/01/2015,31/12/2015,,,
2427533,MALARIA_IRS_COVERAGE,COUNTRY,PNG,WPR,Western Pacific,YEAR,2020,,,,,,,,,200,200,,,,2025-12-19T14:55:21Z,2020,01/01/2020,31/12/2020,,,
5772859,MALARIA_IRS_COVERAGE,COUNTRY,MMR,SEAR,South-East Asia,YEAR,2021,,,,,,,,,1618,1618,,,,2025-12-19T14:55:21Z,2021,01/01/2021,31/12/2021,,,
10186503,MALARIA_IRS_COVERAGE,COUNTRY,BTN,SEAR,South-East Asia,YEAR,2022,,,,,,,,,118 341,118341,,,,2025-12-19T14:55:21Z,2022,01/01/2022,31/12/2022,,,
7600336,MALARIA_IRS_COVERAGE,COUNTRY,STP,AFR,Africa,YEAR,2016,,,,,,,,,149 930,149930,,,,2025-12-19T14:55:21Z,2016,01/01/2016,31/12/2016,,,
7278281,MALARIA_IRS_COVERAGE,COUNTRY,ZMB,AFR,Africa,YEAR,2017,,,,,,,,,7 717 767,7717767,,,,2025-12-19T14:55:21Z,2017,01/01/2017,31/12/2017,,,
8991838,MALARIA_IRS_COVERAGE,COUNTRY,VNM,WPR,Western Pacific,YEAR,2015,,,,,,,,,620 093,620093,,,,2025-12-19T14:55:21Z,2015,01/01/2015,31/12/2015,,,
168991,MALARIA_IRS_COVERAGE,REGION,AFR,,,YEAR,2021,,,,,,,,,57 397 929,57397929,,,,2025-12-19T14:55:21Z,2021,01/01/2021,31/12/2021,,,
605808,MALARIA_IRS_COVERAGE,COUNTRY,ZMB,AFR,Africa,YEAR,2015,,,,,,,,,5 930 141,5930141,,,,2025-12-19T14:55:21Z,2015,01/01/2015,31/12/2015,,,
2579611,MALARIA_IRS_COVERAGE,COUNTRY,BRA,AMR,Americas,YEAR,2023,,,,,,,,,215 334,215334,,,,2025-12-19T14:55:21Z,2023,01/01/2023,31/12/2023,,,
4956220,MALARIA_IRS_COVERAGE,COUNTRY,IDN,WPR,Western Pacific,YEAR,2018,,,,,,,,,305 493,305493,,,,2025-12-19T14:55:21Z,2018,01/01/2018,31/12/2018,,,
2994122,MALARIA_IRS_COVERAGE,COUNTRY,BOL,AMR,Americas,YEAR,2018,,,,,,,,,2000,2000,,,,2025-12-19T14:55:21Z,2018,01/01/2018,31/12/2018,,,
9494928,MALARIA_IRS_COVERAGE,COUNTRY,ERI,AFR,Africa,YEAR,2020,,,,,,,,,466 238,466238,,,,2025-12-19T14:55:21Z,2020,01/01/2020,31/12/2020,,,
6930430,MALARIA_IRS_COVERAGE,COUNTRY,GHA,AFR,Africa,YEAR,2019,,,,,,,,,1 986 408,1986408,,,,2025-12-19T14:55:21Z,2019,01/01/2019,31/12/2019,,,
10142136,MALARIA_IRS_COVERAGE,COUNTRY,LKA,SEAR,South-East Asia,YEAR,2018,,,,,,,,,15 707,15707,,,,2025-12-19T14:55:21Z,2018,01/01/2018,31/12/2018,,,
6036049,MALARIA_IRS_COVERAGE,COUNTRY,HND,AMR,Americas,YEAR,2020,,,,,,,,,181 715,181715,,,,2025-12-19T14:55:21Z,2020,01/01/2020,31/12/2020,,,
2930984,MALARIA_IRS_COVERAGE,COUNTRY,STP,AFR,Africa,YEAR,2018,,,,,,,,,37 455,37455,,,,2025-12-19T14:55:21Z,2018,01/01/2018,31/12/2018,,,
7183392,MALARIA_IRS_COVERAGE,COUNTRY,AGO,AFR,Africa,YEAR,2020,,,,,,,,,44 633,44633,,,,2025-12-19T14:55:21Z,2020,01/01/2020,31/12/2020,,,
4588752,MALARIA_IRS_COVERAGE,COUNTRY,NPL,SEAR,South-East Asia,YEAR,2018,,,,,,,,,230 000,230000,,,,2025-12-19T14:55:21Z,2018,01/01/2018,31/12/2018,,,
3145907,MALARIA_IRS_COVERAGE,COUNTRY,BEN,AFR,Africa,YEAR,2019,,,,,,,,,1 077 411,1077411,,,,2025-12-19T14:55:21Z,2019,01/01/2019,31/12/2019,,,
3493619,MALARIA_IRS_COVERAGE,COUNTRY,BFA,AFR,Africa,YEAR,2024,,,,,,,,,43 218,43218,,,,2025-12-19T14:55:21Z,2024,01/01/2024,31/12/2024,,,
5329312,MALARIA_IRS_COVERAGE,COUNTRY,PHL,WPR,Western Pacific,YEAR,2020,,,,,,,,,476 804,476804,,,,2025-12-19T14:55:21Z,2020,01/01/2020,31/12/2020,,,
3796928,MALARIA_IRS_COVERAGE,REGION,SEAR,,,YEAR,2021,,,,,,,,,16 691 013,16691013,,,,2025-12-19T14:55:21Z,2021,01/01/2021,31/12/2021,,,
3392653,MALARIA_IRS_COVERAGE,COUNTRY,BOL,AMR,Americas,YEAR,2020,,,,,,,,,29 228,29228,,,,2025-12-19T14:55:21Z,2020,01/01/2020,31/12/2020,,,
7057015,MALARIA_IRS_COVERAGE,COUNTRY,CPV,AFR,Africa,YEAR,2016,,,,,,,,,349 126,349126,,,,2025-12-19T14:55:21Z,2016,01/01/2016,31/12/2016,,,
2326119,MALARIA_IRS_COVERAGE,REGION,AMR,,,YEAR,2016,,,,,,,,,2 057 830,2057830,,,,2025-12-19T14:55:21Z,2016,01/01/2016,31/12/2016,,,
2687032,MALARIA_IRS_COVERAGE,COUNTRY,COL,AMR,Americas,YEAR,2017,,,,,,,,,153 690,153690,,,,2025-12-19T14:55:21Z,2017,01/01/2017,31/12/2017,,,
396612,MALARIA_IRS_COVERAGE,COUNTRY,ZAF,AFR,Africa,YEAR,2023,,,,,,,,,1 338 147,1338147,,,,2025-12-19T14:55:21Z,2023,01/01/2023,31/12/2023,,,
8157660,MALARIA_IRS_COVERAGE,COUNTRY,IND,SEAR,South-East Asia,YEAR,2022,,,,,,,,,11 565 430,11565430,,,,2025-12-19T14:55:21Z,2022,01/01/2022,31/12/2022,,,
4918313,MALARIA_IRS_COVERAGE,COUNTRY,GMB,AFR,Africa,YEAR,2022,,,,,,,,,172 010,172010,,,,2025-12-19T14:55:21Z,2022,01/01/2022,31/12/2022,,,
706889,MALARIA_IRS_COVERAGE,REGION,WPR,,,YEAR,2017,,,,,,,,,641 793,641793,,,,2025-12-19T14:55:21Z,2017,01/01/2017,31/12/2017,,,
8807951,MALARIA_IRS_COVERAGE,COUNTRY,ETH,AFR,Africa,YEAR,2024,,,,,,,,,5 614 296,5614296,,,,2025-12-19T14:55:21Z,2024,01/01/2024,31/12/2024,,,
3272182,MALARIA_IRS_COVERAGE,COUNTRY,CRI,AMR,Americas,YEAR,2023,,,,,,,,,15 635,15635,,,,2025-12-19T14:55:21Z,2023,01/01/2023,31/12/2023,,,
3297572,MALARIA_IRS_COVERAGE,COUNTRY,MOZ,AFR,Africa,YEAR,2015,,,,,,,,,3 659 845,3659845,,,,2025-12-19T14:55:21Z,2015,01/01/2015,31/12/2015,,,
3581894,MALARIA_IRS_COVERAGE,COUNTRY,UGA,AFR,Africa,YEAR,2017,,,,,,,,,3 223 800,3223800,,,,2025-12-19T14:55:21Z,2017,01/01/2017,31/12/2017,,,
8890539,MALARIA_IRS_COVERAGE,COUNTRY,THA,SEAR,South-East Asia,YEAR,2021,,,,,,,,,159 097,159097,,,,2025-12-19T14:55:21Z,2021,01/01/2021,31/12/2021,,,
9748202,MALARIA_IRS_COVERAGE,COUNTRY,BRA,AMR,Americas,YEAR,2018,,,,,,,,,99 321,99321,,,,2025-12-19T14:55:21Z,2018,01/01/2018,31/12/2018,,,
7657654,MALARIA_IRS_COVERAGE,COUNTRY,PAK,EMR,Eastern Mediterranean,YEAR,2017,,,,,,,,,776 650,776650,,,,2025-12-19T14:55:21Z,2017,01/01/2017,31/12/2017,,,
8195752,MALARIA_IRS_COVERAGE,COUNTRY,YEM,EMR,Eastern Mediterranean,YEAR,2021,,,,,,,,,1 499 738,1499738,,,,2025-12-19T14:55:21Z,2021,01/01/2021,31/12/2021,,,
2712520,MALARIA_IRS_COVERAGE,COUNTRY,SLV,AMR,Americas,YEAR,2022,,,,,,,,,1332,1332,,,,2025-12-19T14:55:21Z,2022,01/01/2022,31/12/2022,,,
7777428,MALARIA_IRS_COVERAGE,COUNTRY,SLE,AFR,Africa,YEAR,2022,,,,,,,,,652 232,652232,,,,2025-12-19T14:55:21Z,2022,01/01/2022,31/12/2022,,,
7525258,MALARIA_IRS_COVERAGE,COUNTRY,STP,AFR,Africa,YEAR,2021,,,,,,,,,27 174,27174,,,,2025-12-19T14:55:21Z,2021,01/01/2021,31/12/2021,,,
6098403,MALARIA_IRS_COVERAGE,COUNTRY,ECU,AMR,Americas,YEAR,2018,,,,,,,,,775 884,775884,,,,2025-12-19T14:55:21Z,2018,01/01/2018,31/12/2018,,,
3588371,MALARIA_IRS_COVERAGE,COUNTRY,PAN,AMR,Americas,YEAR,2024,,,,,,,,,1464,1464,,,,2025-12-19T14:55:21Z,2024,01/01/2024,31/12/2024,,,
4392267,MALARIA_IRS_COVERAGE,COUNTRY,ECU,AMR,Americas,YEAR,2020,,,,,,,,,17 276,17276,,,,2025-12-19T14:55:21Z,2020,01/01/2020,31/12/2020,,,
5316903,MALARIA_IRS_COVERAGE,COUNTRY,BFA,AFR,Africa,YEAR,2021,,,,,,,,,591 249,591249,,,,2025-12-19T14:55:21Z,2021,01/01/2021,31/12/2021,,,
7436863,MALARIA_IRS_COVERAGE,COUNTRY,GMB,AFR,Africa,YEAR,2016,,,,,,,,,399 176,399176,,,,2025-12-19T14:55:21Z,2016,01/01/2016,31/12/2016,,,
4563658,MALARIA_IRS_COVERAGE,COUNTRY,HND,AMR,Americas,YEAR,2024,,,,,,,,,5370,5370,,,,2025-12-19T14:55:21Z,2024,01/01/2024,31/12/2024,,,
3348532,MALARIA_IRS_COVERAGE,COUNTRY,GUF,AMR,Americas,YEAR,2015,,,,,,,,,4983,4983,,,,2025-12-19T14:55:21Z,2015,01/01/2015,31/12/2015,,,
2668300,MALARIA_IRS_COVERAGE,COUNTRY,COD,AFR,Africa,YEAR,2018,,,,,,,,,111 735,111735,,,,2025-12-19T14:55:21Z,2018,01/01/2018,31/12/2018,,,
2174250,MALARIA_IRS_COVERAGE,COUNTRY,DOM,AMR,Americas,YEAR,2024,,,,,,,,,44 733,44733,,,,2025-12-19T14:55:21Z,2024,01/01/2024,31/12/2024,,,
2491124,MALARIA_IRS_COVERAGE,COUNTRY,LAO,WPR,Western Pacific,YEAR,2022,,,,,,,,,0,0,,,,2025-12-19T14:55:21Z,2022,01/01/2022,31/12/2022,,,
3462897,MALARIA_IRS_COVERAGE,COUNTRY,PER,AMR,Americas,YEAR,2018,,,,,,,,,23 420,23420,,,,2025-12-19T14:55:21Z,2018,01/01/2018,31/12/2018,,,
8814637,MALARIA_IRS_COVERAGE,COUNTRY,MMR,SEAR,South-East Asia,YEAR,2018,,,,,,,,,14 017,14017,,,,2025-12-19T14:55:21Z,2018,01/01/2018,31/12/2018,,,
6406153,MALARIA_IRS_COVERAGE,COUNTRY,RWA,AFR,Africa,YEAR,2023,,,,,,,,,5 326 004,5326004,,,,2025-12-19T14:55:21Z,2023,01/01/2023,31/12/2023,,,
1509025,MALARIA_IRS_COVERAGE,COUNTRY,KEN,AFR,Africa,YEAR,2020,,,,,,,,,1 792 495,1792495,,,,2025-12-19T14:55:21Z,2020,01/01/2020,31/12/2020,,,
4525670,MALARIA_IRS_COVERAGE,COUNTRY,IDN,WPR,Western Pacific,YEAR,2019,,,,,,,,,164 192,164192,,,,2025-12-19T14:55:21Z,2019,01/01/2019,31/12/2019,,,
6174474,MALARIA_IRS_COVERAGE,COUNTRY,ECU,AMR,Americas,YEAR,2021,,,,,,,,,1 435 556,1435556,,,,2025-12-19T14:55:21Z,2021,01/01/2021,31/12/2021,,,
6324404,MALARIA_IRS_COVERAGE,COUNTRY,COM,AFR,Africa,YEAR,2021,,,,,,,,,127 487,127487,,,,2025-12-19T14:55:21Z,2021,01/01/2021,31/12/2021,,,
4462199,MALARIA_IRS_COVERAGE,COUNTRY,MWI,AFR,Africa,YEAR,2019,,,,,,,,,1 456 138,1456138,,,,2025-12-19T14:55:21Z,2019,01/01/2019,31/12/2019,,,
2988334,MALARIA_IRS_COVERAGE,COUNTRY,MYS,WPR,Western Pacific,YEAR,2019,,,,,,,,,323 208,323208,,,,2025-12-19T14:55:21Z,2019,01/01/2019,31/12/2019,,,
4633585,MALARIA_IRS_COVERAGE,COUNTRY,HND,AMR,Americas,YEAR,2019,,,,,,,,,335 928,335928,,,,2025-12-19T14:55:21Z,2019,01/01/2019,31/12/2019,,,
8316359,MALARIA_IRS_COVERAGE,GLOBAL,GLOBAL,,,YEAR,2018,,,,,,,,,96 060 441,96060441,,,,2025-12-19T14:55:21Z,2018,01/01/2018,31/12/2018,,,
764161,MALARIA_IRS_COVERAGE,COUNTRY,CPV,AFR,Africa,YEAR,2015,,,,,,,,,308 586,308586,,,,2025-12-19T14:55:21Z,2015,01/01/2015,31/12/2015,,,
9805166,MALARIA_IRS_COVERAGE,COUNTRY,IDN,WPR,Western Pacific,YEAR,2021,,,,,,,,,131 818,131818,,,,2025-12-19T14:55:21Z,2021,01/01/2021,31/12/2021,,,
8821112,MALARIA_IRS_COVERAGE,COUNTRY,SDN,EMR,Eastern Mediterranean,YEAR,2020,,,,,,,,,3 901 092,3901092,,,,2025-12-19T14:55:21Z,2020,01/01/2020,31/12/2020,,,
2630452,MALARIA_IRS_COVERAGE,COUNTRY,BOL,AMR,Americas,YEAR,2022,,,,,,,,,179 128,179128,,,,2025-12-19T14:55:21Z,2022,01/01/2022,31/12/2022,,,
2085955,MALARIA_IRS_COVERAGE,COUNTRY,ZMB,AFR,Africa,YEAR,2024,,,,,,,,,3 911 835,3911835,,,,2025-12-19T14:55:21Z,2024,01/01/2024,31/12/2024,,,
2326609,MALARIA_IRS_COVERAGE,COUNTRY,CPV,AFR,Africa,YEAR,2022,,,,,,,,,102 333,102333,,,,2025-12-19T14:55:21Z,2022,01/01/2022,31/12/2022,,,
8878230,MALARIA_IRS_COVERAGE,COUNTRY,PAK,EMR,Eastern Mediterranean,YEAR,2020,,,,,,,,,120 610,120610,,,,2025-12-19T14:55:21Z,2020,01/01/2020,31/12/2020,,,
1303268,MALARIA_IRS_COVERAGE,COUNTRY,ERI,AFR,Africa,YEAR,2016,,,,,,,,,364 007,364007,,,,2025-12-19T14:55:21Z,2016,01/01/2016,31/12/2016,,,
8550381,MALARIA_IRS_COVERAGE,REGION,WPR,,,YEAR,2020,,,,,,,,,1 218 430,1218430,,,,2025-12-19T14:55:21Z,2020,01/01/2020,31/12/2020,,,
8897171,MALARIA_IRS_COVERAGE,COUNTRY,PHL,WPR,Western Pacific,YEAR,2015,,,,,,,,,847 845,847845,,,,2025-12-19T14:55:21Z,2015,01/01/2015,31/12/2015,,,
3734539,MALARIA_IRS_COVERAGE,COUNTRY,BDI,AFR,Africa,YEAR,2020,,,,,,,,,1 243 848,1243848,,,,2025-12-19T14:55:21Z,2020,01/01/2020,31/12/2020,,,
6073426,MALARIA_IRS_COVERAGE,COUNTRY,SOM,EMR,Eastern Mediterranean,YEAR,2018,,,,,,,,,2 120 728,2120728,,,,2025-12-19T14:55:21Z,2018,01/01/2018,31/12/2018,,,
4899809,MALARIA_IRS_COVERAGE,COUNTRY,IRN,EMR,Eastern Mediterranean,YEAR,2024,,,,,,,,,66 000,66000,,,,2025-12-19T14:55:21Z,2024,01/01/2024,31/12/2024,,,
5159258,MALARIA_IRS_COVERAGE,REGION,EMR,,,YEAR,2019,,,,,,,,,7 932 368,7932368,,,,2025-12-19T14:55:21Z,2019,01/01/2019,31/12/2019,,,
5387085,MALARIA_IRS_COVERAGE,COUNTRY,NIC,AMR,Americas,YEAR,2022,,,,,,,,,309 674,309674,,,,2025-12-19T14:55:21Z,2022,01/01/2022,31/12/2022,,,
7513019,MALARIA_IRS_COVERAGE,COUNTRY,BOL,AMR,Americas,YEAR,2015,,,,,,,,,11 138,11138,,,,2025-12-19T14:55:21Z,2015,01/01/2015,31/12/2015,,,
9891449,MALARIA_IRS_COVERAGE,COUNTRY,LAO,WPR,Western Pacific,YEAR,2020,,,,,,,,,2333,2333,,,,2025-12-19T14:55:21Z,2020,01/01/2020,31/12/2020,,,
1068960,MALARIA_IRS_COVERAGE,COUNTRY,SAU,EMR,Eastern Mediterranean,YEAR,2019,,,,,,,,,225 510,225510,,,,2025-12-19T14:55:21Z,2019,01/01/2019,31/12/2019,,,
1336463,MALARIA_IRS_COVERAGE,COUNTRY,MLI,AFR,Africa,YEAR,2019,,,,,,,,,690 793,690793,,,,2025-12-19T14:55:21Z,2019,01/01/2019,31/12/2019,,,
8739895,MALARIA_IRS_COVERAGE,COUNTRY,PAK,EMR,Eastern Mediterranean,YEAR,2016,,,,,,,,,552 500,552500,,,,2025-12-19T14:55:21Z,2016,01/01/2016,31/12/2016,,,
8076272,MALARIA_IRS_COVERAGE,COUNTRY,HND,AMR,Americas,YEAR,2015,,,,,,,,,125 975,125975,,,,2025-12-19T14:55:21Z,2015,01/01/2015,31/12/2015,,,
9811763,MALARIA_IRS_COVERAGE,COUNTRY,ZAF,AFR,Africa,YEAR,2017,,,,,,,,,1 550 235,1550235,,,,2025-12-19T14:55:21Z,2017,01/01/2017,31/12/2017,,,
3058360,MALARIA_IRS_COVERAGE,COUNTRY,ZWE,AFR,Africa,YEAR,2017,,,,,,,,,3 673 311,3673311,,,,2025-12-19T14:55:21Z,2017,01/01/2017,31/12/2017,,,
346573,MALARIA_IRS_COVERAGE,COUNTRY,MMR,SEAR,South-East Asia,YEAR,2020,,,,,,,,,17 381,17381,,,,2025-12-19T14:55:21Z,2020,01/01/2020,31/12/2020,,,
4855879,MALARIA_IRS_COVERAGE,COUNTRY,YEM,EMR,Eastern Mediterranean,YEAR,2019,,,,,,,,,1 982 284,1982284,,,,2025-12-19T14:55:21Z,2019,01/01/2019,31/12/2019,,,
574951,MALARIA_IRS_COVERAGE,COUNTRY,UGA,AFR,Africa,YEAR,2024,,,,,,,,,5 743 425,5743425,,,,2025-12-19T14:55:21Z,2024,01/01/2024,31/12/2024,,,
840764,MALARIA_IRS_COVERAGE,COUNTRY,DJI,EMR,Eastern Mediterranean,YEAR,2020,,,,,,,,,28 496,28496,,,,2025-12-19T14:55:21Z,2020,01/01/2020,31/12/2020,,,
751778,MALARIA_IRS_COVERAGE,COUNTRY,MYS,WPR,Western Pacific,YEAR,2021,,,,,,,,,324 018,324018,,,,2025-12-19T14:55:21Z,2021,01/01/2021,31/12/2021,,,
3936839,MALARIA_IRS_COVERAGE,COUNTRY,TZA,AFR,Africa,YEAR,2022,,,,,,,,,1 144 624,1144624,,,,2025-12-19T14:55:21Z,2022,01/01/2022,31/12/2022,,,
4570550,MALARIA_IRS_COVERAGE,COUNTRY,ECU,AMR,Americas,YEAR,2019,,,,,,,,,698 292,698292,,,,2025-12-19T14:55:21Z,2019,01/01/2019,31/12/2019,,,
9578312,MALARIA_IRS_COVERAGE,REGION,AMR,,,YEAR,2020,,,,,,,,,1 034 438,1034438,,,,2025-12-19T14:55:21Z,2020,01/01/2020,31/12/2020,,,
1972250,MALARIA_IRS_COVERAGE,COUNTRY,STP,AFR,Africa,YEAR,2017,,,,,,,,,138 000,138000,,,,2025-12-19T14:55:21Z,2017,01/01/2017,31/12/2017,,,
3879817,MALARIA_IRS_COVERAGE,COUNTRY,BWA,AFR,Africa,YEAR,2015,,,,,,,,,143 268,143268,,,,2025-12-19T14:55:21Z,2015,01/01/2015,31/12/2015,,,
853553,MALARIA_IRS_COVERAGE,COUNTRY,TZA,AFR,Africa,YEAR,2024,,,,,,,,,93 664,93664,,,,2025-12-19T14:55:21Z,2024,01/01/2024,31/12/2024,,,
2238153,MALARIA_IRS_COVERAGE,COUNTRY,SDN,EMR,Eastern Mediterranean,YEAR,2015,,,,,,,,,2 460 816,2460816,,,,2025-12-19T14:55:21Z,2015,01/01/2015,31/12/2015,,,
8702179,MALARIA_IRS_COVERAGE,COUNTRY,SEN,AFR,Africa,YEAR,2016,,,,,,,,,496 728,496728,,,,2025-12-19T14:55:21Z,2016,01/01/2016,31/12/2016,,,
6855651,MALARIA_IRS_COVERAGE,COUNTRY,MOZ,AFR,Africa,YEAR,2019,,,,,,,,,6 303 792,6303792,,,,2025-12-19T14:55:21Z,2019,01/01/2019,31/12/2019,,,
2422227,MALARIA_IRS_COVERAGE,COUNTRY,DOM,AMR,Americas,YEAR,2016,,,,,,,,,40 510,40510,,,,2025-12-19T14:55:21Z,2016,01/01/2016,31/12/2016,,,
8145833,MALARIA_IRS_COVERAGE,COUNTRY,PER,AMR,Americas,YEAR,2015,,,,,,,,,142 253,142253,,,,2025-12-19T14:55:21Z,2015,01/01/2015,31/12/2015,,,
9891745,MALARIA_IRS_COVERAGE,COUNTRY,MDG,AFR,Africa,YEAR,2017,,,,,,,,,2 008 963,2008963,,,,2025-12-19T14:55:21Z,2017,01/01/2017,31/12/2017,,,
4171423,MALARIA_IRS_COVERAGE,COUNTRY,AGO,AFR,Africa,YEAR,2021,,,,,,,,,620 815,620815,,,,2025-12-19T14:55:21Z,2021,01/01/2021,31/12/2021,,,
7412107,MALARIA_IRS_COVERAGE,COUNTRY,BWA,AFR,Africa,YEAR,2019,,,,,,,,,154 663,154663,,,,2025-12-19T14:55:21Z,2019,01/01/2019,31/12/2019,,,
3361923,MALARIA_IRS_COVERAGE,COUNTRY,BTN,SEAR,South-East Asia,YEAR,2018,,,,,,,,,76 809,76809,,,,2025-12-19T14:55:21Z,2018,01/01/2018,31/12/2018,,,
3393609,MALARIA_IRS_COVERAGE,REGION,SEAR,,,YEAR,2018,,,,,,,,,35 479 036,35479036,,,,2025-12-19T14:55:21Z,2018,01/01/2018,31/12/2018,,,
1794639,MALARIA_IRS_COVERAGE,COUNTRY,MOZ,AFR,Africa,YEAR,2021,,,,,,,,,6 484 733,6484733,,,,2025-12-19T14:55:21Z,2021,01/01/2021,31/12/2021,,,
5792862,MALARIA_IRS_COVERAGE,COUNTRY,STP,AFR,Africa,YEAR,2019,,,,,,,,,53 401,53401,,,,2025-12-19T14:55:21Z,2019,01/01/2019,31/12/2019,,,
7519699,MALARIA_IRS_COVERAGE,COUNTRY,THA,SEAR,South-East Asia,YEAR,2024,,,,,,,,,227 132,227132,,,,2025-12-19T14:55:21Z,2024,01/01/2024,31/12/2024,,,
4551623,MALARIA_IRS_COVERAGE,COUNTRY,SAU,EMR,Eastern Mediterranean,YEAR,2018,,,,,,,,,242 009,242009,,,,2025-12-19T14:55:21Z,2018,01/01/2018,31/12/2018,,,
5330369,MALARIA_IRS_COVERAGE,COUNTRY,NPL,SEAR,South-East Asia,YEAR,2022,,,,,,,,,415 160,415160,,,,2025-12-19T14:55:21Z,2022,01/01/2022,31/12/2022,,,
3304871,MALARIA_IRS_COVERAGE,COUNTRY,BEN,AFR,Africa,YEAR,2015,,,,,,,,,802 597,802597,,,,2025-12-19T14:55:21Z,2015,01/01/2015,31/12/2015,,,
5875490,MALARIA_IRS_COVERAGE,COUNTRY,BRA,AMR,Americas,YEAR,2024,,,,,,,,,216 442,216442,,,,2025-12-19T14:55:21Z,2024,01/01/2024,31/12/2024,,,
9540455,MALARIA_IRS_COVERAGE,COUNTRY,KEN,AFR,Africa,YEAR,2021,,,,,,,,,2 083 177,2083177,,,,2025-12-19T14:55:21Z,2021,01/01/2021,31/12/2021,,,
695418,MALARIA_IRS_COVERAGE,COUNTRY,SDN,EMR,Eastern Mediterranean,YEAR,2021,,,,,,,,,3 870 477,3870477,,,,2025-12-19T14:55:21Z,2021,01/01/2021,31/12/2021,,,
8114387,MALARIA_IRS_COVERAGE,COUNTRY,DJI,EMR,Eastern Mediterranean,YEAR,2023,,,,,,,,,63 664,63664,,,,2025-12-19T14:55:21Z,2023,01/01/2023,31/12/2023,,,
2970212,MALARIA_IRS_COVERAGE,COUNTRY,LAO,WPR,Western Pacific,YEAR,2024,,,,,,,,,1579,1579,,,,2025-12-19T14:55:21Z,2024,01/01/2024,31/12/2024,,,
9711254,MALARIA_IRS_COVERAGE,COUNTRY,LAO,WPR,Western Pacific,YEAR,2023,,,,,,,,,1179,1179,,,,2025-12-19T14:55:21Z,2023,01/01/2023,31/12/2023,,,
2875260,MALARIA_IRS_COVERAGE,COUNTRY,BFA,AFR,Africa,YEAR,2018,,,,,,,,,766 374,766374,,,,2025-12-19T14:55:21Z,2018,01/01/2018,31/12/2018,,,
448549,MALARIA_IRS_COVERAGE,COUNTRY,TZA,AFR,Africa,YEAR,2019,,,,,,,,,2 989 048,2989048,,,,2025-12-19T14:55:21Z,2019,01/01/2019,31/12/2019,,,
8317129,MALARIA_IRS_COVERAGE,COUNTRY,VNM,WPR,Western Pacific,YEAR,2023,,,,,,,,,94 357,94357,,,,2025-12-19T14:55:21Z,2023,01/01/2023,31/12/2023,,,
2048650,MALARIA_IRS_COVERAGE,COUNTRY,NIC,AMR,Americas,YEAR,2017,,,,,,,,,182 602,182602,,,,2025-12-19T14:55:21Z,2017,01/01/2017,31/12/2017,,,
9793436,MALARIA_IRS_COVERAGE,COUNTRY,ERI,AFR,Africa,YEAR,2015,,,,,,,,,328 915,328915,,,,2025-12-19T14:55:21Z,2015,01/01/2015,31/12/2015,,,
993560,MALARIA_IRS_COVERAGE,COUNTRY,CPV,AFR,Africa,YEAR,2017,,,,,,,,,495 313,495313,,,,2025-12-19T14:55:21Z,2017,01/01/2017,31/12/2017,,,
5217017,MALARIA_IRS_COVERAGE,COUNTRY,ZAF,AFR,Africa,YEAR,2020,,,,,,,,,1 830 342,1830342,,,,2025-12-19T14:55:21Z,2020,01/01/2020,31/12/2020,,,
5470087,MALARIA_IRS_COVERAGE,COUNTRY,DJI,EMR,Eastern Mediterranean,YEAR,2022,,,,,,,,,67 077,67077,,,,2025-12-19T14:55:21Z,2022,01/01/2022,31/12/2022,,,
4615601,MALARIA_IRS_COVERAGE,COUNTRY,BWA,AFR,Africa,YEAR,2016,,,,,,,,,115 973,115973,,,,2025-12-19T14:55:21Z,2016,01/01/2016,31/12/2016,,,
6287176,MALARIA_IRS_COVERAGE,COUNTRY,NAM,AFR,Africa,YEAR,2020,,,,,,,,,1 017 366,1017366,,,,2025-12-19T14:55:21Z,2020,01/01/2020,31/12/2020,,,
6938230,MALARIA_IRS_COVERAGE,COUNTRY,SDN,EMR,Eastern Mediterranean,YEAR,2017,,,,,,,,,3 683 031,3683031,,,,2025-12-19T14:55:21Z,2017,01/01/2017,31/12/2017,,,
2441720,MALARIA_IRS_COVERAGE,COUNTRY,GTM,AMR,Americas,YEAR,2017,,,,,,,,,6245,6245,,,,2025-12-19T14:55:21Z,2017,01/01/2017,31/12/2017,,,
5761685,MALARIA_IRS_COVERAGE,COUNTRY,ZMB,AFR,Africa,YEAR,2021,,,,,,,,,10 744 047,10744047,,,,2025-12-19T14:55:21Z,2021,01/01/2021,31/12/2021,,,
7677851,MALARIA_IRS_COVERAGE,COUNTRY,PHL,WPR,Western Pacific,YEAR,2021,,,,,,,,,497 569,497569,,,,2025-12-19T14:55:21Z,2021,01/01/2021,31/12/2021,,,
7905385,MALARIA_IRS_COVERAGE,COUNTRY,TCD,AFR,Africa,YEAR,2020,,,,,,,,,1 707 286,1707286,,,,2025-12-19T14:55:21Z,2020,01/01/2020,31/12/2020,,,
6830716,MALARIA_IRS_COVERAGE,COUNTRY,GMB,AFR,Africa,YEAR,2017,,,,,,,,,396 546,396546,,,,2025-12-19T14:55:21Z,2017,01/01/2017,31/12/2017,,,
847683,MALARIA_IRS_COVERAGE,COUNTRY,MLI,AFR,Africa,YEAR,2017,,,,,,,,,823 201,823201,,,,2025-12-19T14:55:21Z,2017,01/01/2017,31/12/2017,,,
397929,MALARIA_IRS_COVERAGE,COUNTRY,BEN,AFR,Africa,YEAR,2017,,,,,,,,,853 221,853221,,,,2025-12-19T14:55:21Z,2017,01/01/2017,31/12/2017,,,
9828868,MALARIA_IRS_COVERAGE,COUNTRY,STP,AFR,Africa,YEAR,2020,,,,,,,,,69 902,69902,,,,2025-12-19T14:55:21Z,2020,01/01/2020,31/12/2020,,,
9361104,MALARIA_IRS_COVERAGE,REGION,SEAR,,,YEAR,2020,,,,,,,,,24 909 188,24909188,,,,2025-12-19T14:55:21Z,2020,01/01/2020,31/12/2020,,,
4906921,MALARIA_IRS_COVERAGE,COUNTRY,SWZ,AFR,Africa,YEAR,2018,,,,,,,,,39 144,39144,,,,2025-12-19T14:55:21Z,2018,01/01/2018,31/12/2018,,,
581965,MALARIA_IRS_COVERAGE,COUNTRY,THA,SEAR,South-East Asia,YEAR,2017,,,,,,,,,207 250,207250,,,,2025-12-19T14:55:21Z,2017,01/01/2017,31/12/2017,,,
5330722,MALARIA_IRS_COVERAGE,COUNTRY,BWA,AFR,Africa,YEAR,2021,,,,,,,,,24 620,24620,,,,2025-12-19T14:55:21Z,2021,01/01/2021,31/12/2021,,,
4342619,MALARIA_IRS_COVERAGE,COUNTRY,SLE,AFR,Africa,YEAR,2021,,,,,,,,,629 659,629659,,,,2025-12-19T14:55:21Z,2021,01/01/2021,31/12/2021,,,
106967,MALARIA_IRS_COVERAGE,REGION,WPR,,,YEAR,2016,,,,,,,,,1 458 417,1458417,,,,2025-12-19T14:55:21Z,2016,01/01/2016,31/12/2016,,,
1076038,MALARIA_IRS_COVERAGE,COUNTRY,ETH,AFR,Africa,YEAR,2019,,,,,,,,,7 782 034,7782034,,,,2025-12-19T14:55:21Z,2019,01/01/2019,31/12/2019,,,
3924811,MALARIA_IRS_COVERAGE,COUNTRY,LAO,WPR,Western Pacific,YEAR,2019,,,,,,,,,3333,3333,,,,2025-12-19T14:55:21Z,2019,01/01/2019,31/12/2019,,,
2530384,MALARIA_IRS_COVERAGE,COUNTRY,PRK,SEAR,South-East Asia,YEAR,2016,,,,,,,,,1 152 402,1152402,,,,2025-12-19T14:55:21Z,2016,01/01/2016,31/12/2016,,,
7696963,MALARIA_IRS_COVERAGE,COUNTRY,TZA,AFR,Africa,YEAR,2021,,,,,,,,,2 869 266,2869266,,,,2025-12-19T14:55:21Z,2021,01/01/2021,31/12/2021,,,
37138,MALARIA_IRS_COVERAGE,COUNTRY,BRA,AMR,Americas,YEAR,2015,,,,,,,,,276 278,276278,,,,2025-12-19T14:55:21Z,2015,01/01/2015,31/12/2015,,,
3950253,MALARIA_IRS_COVERAGE,COUNTRY,SOM,EMR,Eastern Mediterranean,YEAR,2015,,,,,,,,,15 645,15645,,,,2025-12-19T14:55:21Z,2015,01/01/2015,31/12/2015,,,
3608374,MALARIA_IRS_COVERAGE,COUNTRY,VNM,WPR,Western Pacific,YEAR,2019,,,,,,,,,696 751,696751,,,,2025-12-19T14:55:21Z,2019,01/01/2019,31/12/2019,,,
8709146,MALARIA_IRS_COVERAGE,REGION,WPR,,,YEAR,2015,,,,,,,,,2 132 651,2132651,,,,2025-12-19T14:55:21Z,2015,01/01/2015,31/12/2015,,,
1409007,MALARIA_IRS_COVERAGE,COUNTRY,NPL,SEAR,South-East Asia,YEAR,2019,,,,,,,,,263 000,263000,,,,2025-12-19T14:55:21Z,2019,01/01/2019,31/12/2019,,,
8171897,MALARIA_IRS_COVERAGE,COUNTRY,ZMB,AFR,Africa,YEAR,2023,,,,,,,,,8 800 546,8800546,,,,2025-12-19T14:55:21Z,2023,01/01/2023,31/12/2023,,,
4995963,MALARIA_IRS_COVERAGE,COUNTRY,SWZ,AFR,Africa,YEAR,2024,,,,,,,,,47 494,47494,,,,2025-12-19T14:55:21Z,2024,01/01/2024,31/12/2024,,,
284534,MALARIA_IRS_COVERAGE,COUNTRY,LKA,SEAR,South-East Asia,YEAR,2021,,,,,,,,,153,153,,,,2025-12-19T14:55:21Z,2021,01/01/2021,31/12/2021,,,
3855233,MALARIA_IRS_COVERAGE,COUNTRY,NAM,AFR,Africa,YEAR,2022,,,,,,,,,833 498,833498,,,,2025-12-19T14:55:21Z,2022,01/01/2022,31/12/2022,,,
6641598,MALARIA_IRS_COVERAGE,COUNTRY,BTN,SEAR,South-East Asia,YEAR,2016,,,,,,,,,66 675,66675,,,,2025-12-19T14:55:21Z,2016,01/01/2016,31/12/2016,,,
8873070,MALARIA_IRS_COVERAGE,COUNTRY,SSD,AFR,Africa,YEAR,2016,,,,,,,,,281 998,281998,,,,2025-12-19T14:55:21Z,2016,01/01/2016,31/12/2016,,,
7400099,MALARIA_IRS_COVERAGE,REGION,WPR,,,YEAR,2018,,,,,,,,,1 337 590,1337590,,,,2025-12-19T14:55:21Z,2018,01/01/2018,31/12/2018,,,
9433644,MALARIA_IRS_COVERAGE,COUNTRY,ZWE,AFR,Africa,YEAR,2024,,,,,,,,,2 576 905,2576905,,,,2025-12-19T14:55:21Z,2024,01/01/2024,31/12/2024,,,
6786806,MALARIA_IRS_COVERAGE,COUNTRY,YEM,EMR,Eastern Mediterranean,YEAR,2020,,,,,,,,,762 755,762755,,,,2025-12-19T14:55:21Z,2020,01/01/2020,31/12/2020,,,
2302416,MALARIA_IRS_COVERAGE,COUNTRY,RWA,AFR,Africa,YEAR,2019,,,,,,,,,4 532 103,4532103,,,,2025-12-19T14:55:21Z,2019,01/01/2019,31/12/2019,,,
9642151,MALARIA_IRS_COVERAGE,COUNTRY,SDN,EMR,Eastern Mediterranean,YEAR,2019,,,,,,,,,3 886 652,3886652,,,,2025-12-19T14:55:21Z,2019,01/01/2019,31/12/2019,,,
3337282,MALARIA_IRS_COVERAGE,COUNTRY,HND,AMR,Americas,YEAR,2023,,,,,,,,,29 320,29320,,,,2025-12-19T14:55:21Z,2023,01/01/2023,31/12/2023,,,
5527685,MALARIA_IRS_COVERAGE,COUNTRY,SEN,AFR,Africa,YEAR,2021,,,,,,,,,803 093,803093,,,,2025-12-19T14:55:21Z,2021,01/01/2021,31/12/2021,,,
2385176,MALARIA_IRS_COVERAGE,COUNTRY,PAN,AMR,Americas,YEAR,2020,,,,,,,,,12 492,12492,,,,2025-12-19T14:55:21Z,2020,01/01/2020,31/12/2020,,,
7299199,MALARIA_IRS_COVERAGE,COUNTRY,DOM,AMR,Americas,YEAR,2023,,,,,,,,,55 594,55594,,,,2025-12-19T14:55:21Z,2023,01/01/2023,31/12/2023,,,
2505314,MALARIA_IRS_COVERAGE,COUNTRY,DOM,AMR,Americas,YEAR,2022,,,,,,,,,20 201,20201,,,,2025-12-19T14:55:21Z,2022,01/01/2022,31/12/2022,,,
5968251,MALARIA_IRS_COVERAGE,COUNTRY,COM,AFR,Africa,YEAR,2015,,,,,,,,,20 275,20275,,,,2025-12-19T14:55:21Z,2015,01/01/2015,31/12/2015,,,
8974699,MALARIA_IRS_COVERAGE,COUNTRY,DOM,AMR,Americas,YEAR,2019,,,,,,,,,33 226,33226,,,,2025-12-19T14:55:21Z,2019,01/01/2019,31/12/2019,,,
2793990,MALARIA_IRS_COVERAGE,COUNTRY,IRN,EMR,Eastern Mediterranean,YEAR,2022,,,,,,,,,117 347,117347,,,,2025-12-19T14:55:21Z,2022,01/01/2022,31/12/2022,,,
7797994,MALARIA_IRS_COVERAGE,COUNTRY,BDI,AFR,Africa,YEAR,2023,,,,,,,,,1 088 258,1088258,,,,2025-12-19T14:55:21Z,2023,01/01/2023,31/12/2023,,,
3185610,MALARIA_IRS_COVERAGE,COUNTRY,MEX,AMR,Americas,YEAR,2020,,,,,,,,,72 759,72759,,,,2025-12-19T14:55:21Z,2020,01/01/2020,31/12/2020,,,
7121773,MALARIA_IRS_COVERAGE,COUNTRY,KEN,AFR,Africa,YEAR,2019,,,,,,,,,2 011 860,2011860,,,,2025-12-19T14:55:21Z,2019,01/01/2019,31/12/2019,,,
9329886,MALARIA_IRS_COVERAGE,COUNTRY,BDI,AFR,Africa,YEAR,2022,,,,,,,,,1 075 211,1075211,,,,2025-12-19T14:55:21Z,2022,01/01/2022,31/12/2022,,,
6268856,MALARIA_IRS_COVERAGE,REGION,AFR,,,YEAR,2015,,,,,,,,,72 232 977,72232977,,,,2025-12-19T14:55:21Z,2015,01/01/2015,31/12/2015,,,
10105985,MALARIA_IRS_COVERAGE,COUNTRY,UGA,AFR,Africa,YEAR,2016,,,,,,,,,3 811 484,3811484,,,,2025-12-19T14:55:21Z,2016,01/01/2016,31/12/2016,,,
6194011,MALARIA_IRS_COVERAGE,COUNTRY,NAM,AFR,Africa,YEAR,2024,,,,,,,,,688 955,688955,,,,2025-12-19T14:55:21Z,2024,01/01/2024,31/12/2024,,,
848274,MALARIA_IRS_COVERAGE,COUNTRY,KEN,AFR,Africa,YEAR,2023,,,,,,,,,1 502 836,1502836,,,,2025-12-19T14:55:21Z,2023,01/01/2023,31/12/2023,,,
5730572,MALARIA_IRS_COVERAGE,COUNTRY,BOL,AMR,Americas,YEAR,2019,,,,,,,,,29 228,29228,,,,2025-12-19T14:55:21Z,2019,01/01/2019,31/12/2019,,,
8583359,MALARIA_IRS_COVERAGE,COUNTRY,ZWE,AFR,Africa,YEAR,2022,,,,,,,,,3 048 913,3048913,,,,2025-12-19T14:55:21Z,2022,01/01/2022,31/12/2022,,,
5192315,MALARIA_IRS_COVERAGE,COUNTRY,GHA,AFR,Africa,YEAR,2020,,,,,,,,,2 214 552,2214552,,,,2025-12-19T14:55:21Z,2020,01/01/2020,31/12/2020,,,
752958,MALARIA_IRS_COVERAGE,COUNTRY,CRI,AMR,Americas,YEAR,2016,,,,,,,,,430,430,,,,2025-12-19T14:55:21Z,2016,01/01/2016,31/12/2016,,,
7356253,MALARIA_IRS_COVERAGE,COUNTRY,CHN,WPR,Western Pacific,YEAR,2015,,,,,,,,,1 697 188,1697188,,,,2025-12-19T14:55:21Z,2015,01/01/2015,31/12/2015,,,
10131527,MALARIA_IRS_COVERAGE,COUNTRY,MDG,AFR,Africa,YEAR,2016,,,,,,,,,2 856 873,2856873,,,,2025-12-19T14:55:21Z,2016,01/01/2016,31/12/2016,,,
2644622,MALARIA_IRS_COVERAGE,COUNTRY,SDN,EMR,Eastern Mediterranean,YEAR,2016,,,,,,,,,3 678 400,3678400,,,,2025-12-19T14:55:21Z,2016,01/01/2016,31/12/2016,,,
4913902,MALARIA_IRS_COVERAGE,COUNTRY,ZWE,AFR,Africa,YEAR,2018,,,,,,,,,3 020 032,3020032,,,,2025-12-19T14:55:21Z,2018,01/01/2018,31/12/2018,,,
7741003,MALARIA_IRS_COVERAGE,COUNTRY,MLI,AFR,Africa,YEAR,2018,,,,,,,,,665 581,665581,,,,2025-12-19T14:55:21Z,2018,01/01/2018,31/12/2018,,,
1706839,MALARIA_IRS_COVERAGE,COUNTRY,BLZ,AMR,Americas,YEAR,2016,,,,,,,,,35 264,35264,,,,2025-12-19T14:55:21Z,2016,01/01/2016,31/12/2016,,,
1076658,MALARIA_IRS_COVERAGE,COUNTRY,UGA,AFR,Africa,YEAR,2019,,,,,,,,,4 478 754,4478754,,,,2025-12-19T14:55:21Z,2019,01/01/2019,31/12/2019,,,
5622926,MALARIA_IRS_COVERAGE,COUNTRY,RWA,AFR,Africa,YEAR,2016,,,,,,,,,2 484 672,2484672,,,,2025-12-19T14:55:21Z,2016,01/01/2016,31/12/2016,,,
2062133,MALARIA_IRS_COVERAGE,COUNTRY,MWI,AFR,Africa,YEAR,2021,,,,,,,,,2 407 351,2407351,,,,2025-12-19T14:55:21Z,2021,01/01/2021,31/12/2021,,,
8936752,MALARIA_IRS_COVERAGE,COUNTRY,BDI,AFR,Africa,YEAR,2024,,,,,,,,,1 177 190,1177190,,,,2025-12-19T14:55:21Z,2024,01/01/2024,31/12/2024,,,
2933100,MALARIA_IRS_COVERAGE,COUNTRY,MEX,AMR,Americas,YEAR,2017,,,,,,,,,87 772,87772,,,,2025-12-19T14:55:21Z,2017,01/01/2017,31/12/2017,,,
5445695,MALARIA_IRS_COVERAGE,COUNTRY,VNM,WPR,Western Pacific,YEAR,2021,,,,,,,,,262 297,262297,,,,2025-12-19T14:55:21Z,2021,01/01/2021,31/12/2021,,,
1209740,MALARIA_IRS_COVERAGE,COUNTRY,BRA,AMR,Americas,YEAR,2017,,,,,,,,,83 990,83990,,,,2025-12-19T14:55:21Z,2017,01/01/2017,31/12/2017,,,
6939030,MALARIA_IRS_COVERAGE,COUNTRY,TLS,SEAR,South-East Asia,YEAR,2020,,,,,,,,,116 949,116949,,,,2025-12-19T14:55:21Z,2020,01/01/2020,31/12/2020,,,
9228867,MALARIA_IRS_COVERAGE,COUNTRY,CPV,AFR,Africa,YEAR,2021,,,,,,,,,241 552,241552,,,,2025-12-19T14:55:21Z,2021,01/01/2021,31/12/2021,,,
7198278,MALARIA_IRS_COVERAGE,COUNTRY,GMB,AFR,Africa,YEAR,2023,,,,,,,,,344 935,344935,,,,2025-12-19T14:55:21Z,2023,01/01/2023,31/12/2023,,,
8816417,MALARIA_IRS_COVERAGE,COUNTRY,GNQ,AFR,Africa,YEAR,2024,,,,,,,,,86 682,86682,,,,2025-12-19T14:55:21Z,2024,01/01/2024,31/12/2024,,,
1871990,MALARIA_IRS_COVERAGE,COUNTRY,COL,AMR,Americas,YEAR,2019,,,,,,,,,141 000,141000,,,,2025-12-19T14:55:21Z,2019,01/01/2019,31/12/2019,,,
2575544,MALARIA_IRS_COVERAGE,COUNTRY,SWZ,AFR,Africa,YEAR,2019,,,,,,,,,15 066,15066,,,,2025-12-19T14:55:21Z,2019,01/01/2019,31/12/2019,,,
6357376,MALARIA_IRS_COVERAGE,COUNTRY,BTN,SEAR,South-East Asia,YEAR,2020,,,,,,,,,122 406,122406,,,,2025-12-19T14:55:21Z,2020,01/01/2020,31/12/2020,,,
7122142,MALARIA_IRS_COVERAGE,COUNTRY,PAN,AMR,Americas,YEAR,2021,,,,,,,,,20 719,20719,,,,2025-12-19T14:55:21Z,2021,01/01/2021,31/12/2021,,,
5832214,MALARIA_IRS_COVERAGE,COUNTRY,VEN,AMR,Americas,YEAR,2017,,,,,,,,,3900,3900,,,,2025-12-19T14:55:21Z,2017,01/01/2017,31/12/2017,,,
9260695,MALARIA_IRS_COVERAGE,COUNTRY,KEN,AFR,Africa,YEAR,2018,,,,,,,,,1 833 860,1833860,,,,2025-12-19T14:55:21Z,2018,01/01/2018,31/12/2018,,,
6351022,MALARIA_IRS_COVERAGE,COUNTRY,ERI,AFR,Africa,YEAR,2017,,,,,,,,,375 696,375696,,,,2025-12-19T14:55:21Z,2017,01/01/2017,31/12/2017,,,
8058750,MALARIA_IRS_COVERAGE,COUNTRY,DOM,AMR,Americas,YEAR,2018,,,,,,,,,36 891,36891,,,,2025-12-19T14:55:21Z,2018,01/01/2018,31/12/2018,,,
975728,MALARIA_IRS_COVERAGE,REGION,EMR,,,YEAR,2021,,,,,,,,,6 018 586,6018586,,,,2025-12-19T14:55:21Z,2021,01/01/2021,31/12/2021,,,
10112694,MALARIA_IRS_COVERAGE,COUNTRY,BFA,AFR,Africa,YEAR,2020,,,,,,,,,508 017,508017,,,,2025-12-19T14:55:21Z,2020,01/01/2020,31/12/2020,,,
10131802,MALARIA_IRS_COVERAGE,COUNTRY,ETH,AFR,Africa,YEAR,2015,,,,,,,,,16 147 333,16147333,,,,2025-12-19T14:55:21Z,2015,01/01/2015,31/12/2015,,,
171373,MALARIA_IRS_COVERAGE,COUNTRY,BLZ,AMR,Americas,YEAR,2018,,,,,,,,,36 688,36688,,,,2025-12-19T14:55:21Z,2018,01/01/2018,31/12/2018,,,
10119070,MALARIA_IRS_COVERAGE,COUNTRY,MMR,SEAR,South-East Asia,YEAR,2024,,,,,,,,,354,354,,,,2025-12-19T14:55:21Z,2024,01/01/2024,31/12/2024,,,
234513,MALARIA_IRS_COVERAGE,COUNTRY,GMB,AFR,Africa,YEAR,2018,,,,,,,,,426 788,426788,,,,2025-12-19T14:55:21Z,2018,01/01/2018,31/12/2018,,,
7065473,MALARIA_IRS_COVERAGE,COUNTRY,CRI,AMR,Americas,YEAR,2020,,,,,,,,,6895,6895,,,,2025-12-19T14:55:21Z,2020,01/01/2020,31/12/2020,,,
1171912,MALARIA_IRS_COVERAGE,COUNTRY,ZAF,AFR,Africa,YEAR,2024,,,,,,,,,1 359 729,1359729,,,,2025-12-19T14:55:21Z,2024,01/01/2024,31/12/2024,,,
2480821,MALARIA_IRS_COVERAGE,COUNTRY,IRN,EMR,Eastern Mediterranean,YEAR,2023,,,,,,,,,152 440,152440,,,,2025-12-19T14:55:21Z,2023,01/01/2023,31/12/2023,,,
7836541,MALARIA_IRS_COVERAGE,GLOBAL,GLOBAL,,,YEAR,2016,,,,,,,,,105 868 142,105868142,,,,2025-12-19T14:55:21Z,2016,01/01/2016,31/12/2016,,,
6522009,MALARIA_IRS_COVERAGE,COUNTRY,BLZ,AMR,Americas,YEAR,2020,,,,,,,,,45 100,45100,,,,2025-12-19T14:55:21Z,2020,01/01/2020,31/12/2020,,,
1222723,MALARIA_IRS_COVERAGE,COUNTRY,BRA,AMR,Americas,YEAR,2022,,,,,,,,,246 745,246745,,,,2025-12-19T14:55:21Z,2022,01/01/2022,31/12/2022,,,
7495865,MALARIA_IRS_COVERAGE,COUNTRY,LKA,SEAR,South-East Asia,YEAR,2023,,,,,,,,,2895,2895,,,,2025-12-19T14:55:21Z,2023,01/01/2023,31/12/2023,,,
2794508,MALARIA_IRS_COVERAGE,COUNTRY,SLE,AFR,Africa,YEAR,2024,,,,,,,,,898 657,898657,,,,2025-12-19T14:55:21Z,2024,01/01/2024,31/12/2024,,,
6806587,MALARIA_IRS_COVERAGE,COUNTRY,MYS,WPR,Western Pacific,YEAR,2015,,,,,,,,,489 030,489030,,,,2025-12-19T14:55:21Z,2015,01/01/2015,31/12/2015,,,
9781951,MALARIA_IRS_COVERAGE,COUNTRY,THA,SEAR,South-East Asia,YEAR,2019,,,,,,,,,489 105,489105,,,,2025-12-19T14:55:21Z,2019,01/01/2019,31/12/2019,,,
6225835,MALARIA_IRS_COVERAGE,COUNTRY,GHA,AFR,Africa,YEAR,2021,,,,,,,,,2 128 109,2128109,,,,2025-12-19T14:55:21Z,2021,01/01/2021,31/12/2021,,,
462413,MALARIA_IRS_COVERAGE,COUNTRY,PHL,WPR,Western Pacific,YEAR,2022,,,,,,,,,545 352,545352,,,,2025-12-19T14:55:21Z,2022,01/01/2022,31/12/2022,,,
9611466,MALARIA_IRS_COVERAGE,COUNTRY,YEM,EMR,Eastern Mediterranean,YEAR,2016,,,,,,,,,548 436,548436,,,,2025-12-19T14:55:21Z,2016,01/01/2016,31/12/2016,,,
7381847,MALARIA_IRS_COVERAGE,COUNTRY,PAK,EMR,Eastern Mediterranean,YEAR,2024,,,,,,,,,3 761 492,3761492,,,,2025-12-19T14:55:21Z,2024,01/01/2024,31/12/2024,,,
2876480,MALARIA_IRS_COVERAGE,COUNTRY,SWZ,AFR,Africa,YEAR,2022,,,,,,,,,26 540,26540,,,,2025-12-19T14:55:21Z,2022,01/01/2022,31/12/2022,,,
6238332,MALARIA_IRS_COVERAGE,COUNTRY,MDG,AFR,Africa,YEAR,2021,,,,,,,,,885 814,885814,,,,2025-12-19T14:55:21Z,2021,01/01/2021,31/12/2021,,,
2657779,MALARIA_IRS_COVERAGE,REGION,EMR,,,YEAR,2015,,,,,,,,,5 092 093,5092093,,,,2025-12-19T14:55:21Z,2015,01/01/2015,31/12/2015,,,
5956255,MALARIA_IRS_COVERAGE,COUNTRY,PRK,SEAR,South-East Asia,YEAR,2018,,,,,,,,,169 841,169841,,,,2025-12-19T14:55:21Z,2018,01/01/2018,31/12/2018,,,
2762920,MALARIA_IRS_COVERAGE,COUNTRY,NIC,AMR,Americas,YEAR,2018,,,,,,,,,183 098,183098,,,,2025-12-19T14:55:21Z,2018,01/01/2018,31/12/2018,,,
8331021,MALARIA_IRS_COVERAGE,COUNTRY,PRK,SEAR,South-East Asia,YEAR,2015,,,,,,,,,1 146 750,1146750,,,,2025-12-19T14:55:21Z,2015,01/01/2015,31/12/2015,,,
8684766,MALARIA_IRS_COVERAGE,COUNTRY,MOZ,AFR,Africa,YEAR,2024,,,,,,,,,1 571 052,1571052,,,,2025-12-19T14:55:21Z,2024,01/01/2024,31/12/2024,,,
7786195,MALARIA_IRS_COVERAGE,COUNTRY,PAK,EMR,Eastern Mediterranean,YEAR,2021,,,,,,,,,307 272,307272,,,,2025-12-19T14:55:21Z,2021,01/01/2021,31/12/2021,,,
1707342,MALARIA_IRS_COVERAGE,COUNTRY,SAU,EMR,Eastern Mediterranean,YEAR,2015,,,,,,,,,131 661,131661,,,,2025-12-19T14:55:21Z,2015,01/01/2015,31/12/2015,,,
1891403,MALARIA_IRS_COVERAGE,COUNTRY,MOZ,AFR,Africa,YEAR,2017,,,,,,,,,5 349 948,5349948,,,,2025-12-19T14:55:21Z,2017,01/01/2017,31/12/2017,,,
3881522,MALARIA_IRS_COVERAGE,COUNTRY,COD,AFR,Africa,YEAR,2015,,,,,,,,,77 643,77643,,,,2025-12-19T14:55:21Z,2015,01/01/2015,31/12/2015,,,
10195576,MALARIA_IRS_COVERAGE,COUNTRY,NAM,AFR,Africa,YEAR,2023,,,,,,,,,54 710,54710,,,,2025-12-19T14:55:21Z,2023,01/01/2023,31/12/2023,,,
4236116,MALARIA_IRS_COVERAGE,COUNTRY,NIC,AMR,Americas,YEAR,2024,,,,,,,,,422 996,422996,,,,2025-12-19T14:55:21Z,2024,01/01/2024,31/12/2024,,,
9064520,MALARIA_IRS_COVERAGE,COUNTRY,MEX,AMR,Americas,YEAR,2019,,,,,,,,,83 581,83581,,,,2025-12-19T14:55:21Z,2019,01/01/2019,31/12/2019,,,
1675678,MALARIA_IRS_COVERAGE,COUNTRY,THA,SEAR,South-East Asia,YEAR,2016,,,,,,,,,237 398,237398,,,,2025-12-19T14:55:21Z,2016,01/01/2016,31/12/2016,,,
2043625,MALARIA_IRS_COVERAGE,COUNTRY,NPL,SEAR,South-East Asia,YEAR,2016,,,,,,,,,286 865,286865,,,,2025-12-19T14:55:21Z,2016,01/01/2016,31/12/2016,,,
6170324,MALARIA_IRS_COVERAGE,COUNTRY,IRN,EMR,Eastern Mediterranean,YEAR,2019,,,,,,,,,59 869,59869,,,,2025-12-19T14:55:21Z,2019,01/01/2019,31/12/2019,,,
488073,MALARIA_IRS_COVERAGE,COUNTRY,ECU,AMR,Americas,YEAR,2024,,,,,,,,,125,125,,,,2025-12-19T14:55:21Z,2024,01/01/2024,31/12/2024,,,
6484414,MALARIA_IRS_COVERAGE,REGION,AFR,,,YEAR,2020,,,,,,,,,60 386 086,60386086,,,,2025-12-19T14:55:21Z,2020,01/01/2020,31/12/2020,,,
8223700,MALARIA_IRS_COVERAGE,COUNTRY,TLS,SEAR,South-East Asia,YEAR,2021,,,,,,,,,76 574,76574,,,,2025-12-19T14:55:21Z,2021,01/01/2021,31/12/2021,,,
9880747,MALARIA_IRS_COVERAGE,COUNTRY,GTM,AMR,Americas,YEAR,2021,,,,,,,,,12 401,12401,,,,2025-12-19T14:55:21Z,2021,01/01/2021,31/12/2021,,,
7103561,MALARIA_IRS_COVERAGE,COUNTRY,TLS,SEAR,South-East Asia,YEAR,2015,,,,,,,,,93 019,93019,,,,2025-12-19T14:55:21Z,2015,01/01/2015,31/12/2015,,,
4623372,MALARIA_IRS_COVERAGE,COUNTRY,SSD,AFR,Africa,YEAR,2019,,,,,,,,,344 242,344242,,,,2025-12-19T14:55:21Z,2019,01/01/2019,31/12/2019,,,
1624958,MALARIA_IRS_COVERAGE,REGION,AFR,,,YEAR,2018,,,,,,,,,47 394 861,47394861,,,,2025-12-19T14:55:21Z,2018,01/01/2018,31/12/2018,,,
8584112,MALARIA_IRS_COVERAGE,COUNTRY,STP,AFR,Africa,YEAR,2024,,,,,,,,,103 261,103261,,,,2025-12-19T14:55:21Z,2024,01/01/2024,31/12/2024,,,
5389143,MALARIA_IRS_COVERAGE,COUNTRY,CRI,AMR,Americas,YEAR,2022,,,,,,,,,16 557,16557,,,,2025-12-19T14:55:21Z,2022,01/01/2022,31/12/2022,,,
8893182,MALARIA_IRS_COVERAGE,REGION,EMR,,,YEAR,2017,,,,,,,,,7 319 014,7319014,,,,2025-12-19T14:55:21Z,2017,01/01/2017,31/12/2017,,,
8590479,MALARIA_IRS_COVERAGE,COUNTRY,YEM,EMR,Eastern Mediterranean,YEAR,2018,,,,,,,,,995 328,995328,,,,2025-12-19T14:55:21Z,2018,01/01/2018,31/12/2018,,,
5858150,MALARIA_IRS_COVERAGE,COUNTRY,PAN,AMR,Americas,YEAR,2016,,,,,,,,,9675,9675,,,,2025-12-19T14:55:21Z,2016,01/01/2016,31/12/2016,,,
443718,MALARIA_IRS_COVERAGE,COUNTRY,ZWE,AFR,Africa,YEAR,2023,,,,,,,,,2 694 692,2694692,,,,2025-12-19T14:55:21Z,2023,01/01/2023,31/12/2023,,,
8622228,MALARIA_IRS_COVERAGE,COUNTRY,VNM,WPR,Western Pacific,YEAR,2024,,,,,,,,,144 234,144234,,,,2025-12-19T14:55:21Z,2024,01/01/2024,31/12/2024,,,
3724026,MALARIA_IRS_COVERAGE,COUNTRY,ZAF,AFR,Africa,YEAR,2019,,,,,,,,,1 477 420,1477420,,,,2025-12-19T14:55:21Z,2019,01/01/2019,31/12/2019,,,
4053008,MALARIA_IRS_COVERAGE,COUNTRY,MOZ,AFR,Africa,YEAR,2022,,,,,,,,,5 683 813,5683813,,,,2025-12-19T14:55:21Z,2022,01/01/2022,31/12/2022,,,
2316243,MALARIA_IRS_COVERAGE,COUNTRY,THA,SEAR,South-East Asia,YEAR,2022,,,,,,,,,169 676,169676,,,,2025-12-19T14:55:21Z,2022,01/01/2022,31/12/2022,,,
4154268,MALARIA_IRS_COVERAGE,COUNTRY,MMR,SEAR,South-East Asia,YEAR,2019,,,,,,,,,4361,4361,,,,2025-12-19T14:55:21Z,2019,01/01/2019,31/12/2019,,,
3060301,MALARIA_IRS_COVERAGE,COUNTRY,COL,AMR,Americas,YEAR,2020,,,,,,,,,242 748,242748,,,,2025-12-19T14:55:21Z,2020,01/01/2020,31/12/2020,,,
8160496,MALARIA_IRS_COVERAGE,GLOBAL,GLOBAL,,,YEAR,2020,,,,,,,,,92 847 711,92847711,,,,2025-12-19T14:55:21Z,2020,01/01/2020,31/12/2020,,,
1955260,MALARIA_IRS_COVERAGE,COUNTRY,BLZ,AMR,Americas,YEAR,2023,,,,,,,,,27 077,27077,,,,2025-12-19T14:55:21Z,2023,01/01/2023,31/12/2023,,,
2411705,MALARIA_IRS_COVERAGE,COUNTRY,NIC,AMR,Americas,YEAR,2023,,,,,,,,,484 465,484465,,,,2025-12-19T14:55:21Z,2023,01/01/2023,31/12/2023,,,
1542978,MALARIA_IRS_COVERAGE,COUNTRY,ETH,AFR,Africa,YEAR,2023,,,,,,,,,3 315 640,3315640,,,,2025-12-19T14:55:21Z,2023,01/01/2023,31/12/2023,,,
5864697,MALARIA_IRS_COVERAGE,COUNTRY,NPL,SEAR,South-East Asia,YEAR,2017,,,,,,,,,300 000,300000,,,,2025-12-19T14:55:21Z,2017,01/01/2017,31/12/2017,,,
