Id,IndicatorCode,SpatialDimension,SpatialDimensionValueCode,ParentLocationCode,ParentLocation,TimeDimension,TimeDim,DisaggregatingDimension1,DisaggregatingDimension1ValueCode,DisaggregatingDimension2,DisaggregatingDimension2ValueCode,DisaggregatingDimension3,DisaggregatingDimension3ValueCode,DataSourceDimension,DataSourceDimensionValueCode,Value,NumericValue,Low,High,Comments,Date,TimeDimensionValue,TimeDimensionBegin,TimeDimensionEnd,,
9415071,MALARIA_ACT_TREATED,COUNTRY,NER,AFR,Africa,YEAR,2024,,,,,,,,,6 284 824,6284824,,,,2025-12-19T14:38:23Z,2024,01/01/2024,31/12/2024,,
9450565,MALARIA_ACT_TREATED,COUNTRY,SWZ,AFR,Africa,YEAR,2022,,,,,,,,,367,367,,,,2025-12-19T14:38:23Z,2022,01/01/2022,31/12/2022,,
9471732,MALARIA_ACT_TREATED,COUNTRY,COD,AFR,Africa,YEAR,2018,,,,,,,,,8 997 911,8997911,,,,2025-12-19T14:38:23Z,2018,01/01/2018,31/12/2018,,
9491998,MALARIA_ACT_TREATED,COUNTRY,MMR,SEAR,South-East Asia,YEAR,2021,,,,,,,,,15 127,15127,,,,2025-12-19T14:38:23Z,2021,01/01/2021,31/12/2021,,
9495644,MALARIA_ACT_TREATED,COUNTRY,BGD,SEAR,South-East Asia,YEAR,2022,,,,,,,,,12 042,12042,,,,2025-12-19T14:38:23Z,2022,01/01/2022,31/12/2022,,
9500728,MALARIA_ACT_TREATED,COUNTRY,TGO,AFR,Africa,YEAR,2023,,,,,,,,,2 266 996,2266996,,,,2025-12-19T14:38:23Z,2023,01/01/2023,31/12/2023,,
9536735,MALARIA_ACT_TREATED,COUNTRY,BLZ,AMR,Americas,YEAR,2019,,,,,,,,,0,0,,,,2025-12-19T14:38:23Z,2019,01/01/2019,31/12/2019,,
9551643,MALARIA_ACT_TREATED,COUNTRY,BDI,AFR,Africa,YEAR,2019,,,,,,,,,8 444 710,8444710,,,,2025-12-19T14:38:23Z,2019,01/01/2019,31/12/2019,,
9602360,MALARIA_ACT_TREATED,COUNTRY,SLB,WPR,Western Pacific,YEAR,2020,,,,,,,,,86 319,86319,,,,2025-12-19T14:38:23Z,2020,01/01/2020,31/12/2020,,
9672199,MALARIA_ACT_TREATED,COUNTRY,MYS,WPR,Western Pacific,YEAR,2020,,,,,,,,,2829,2829,,,,2025-12-19T14:38:23Z,2020,01/01/2020,31/12/2020,,
9675352,MALARIA_ACT_TREATED,COUNTRY,GHA,AFR,Africa,YEAR,2020,,,,,,,,,5 174 075,5174075,,,,2025-12-19T14:38:23Z,2020,01/01/2020,31/12/2020,,
9708930,MALARIA_ACT_TREATED,COUNTRY,CPV,AFR,Africa,YEAR,2018,,,,,,,,,21,21,,,,2025-12-19T14:38:23Z,2018,01/01/2018,31/12/2018,,
9720240,MALARIA_ACT_TREATED,COUNTRY,RWA,AFR,Africa,YEAR,2021,,,,,,,,,1 059 628,1059628,,,,2025-12-19T14:38:23Z,2021,01/01/2021,31/12/2021,,
9730210,MALARIA_ACT_TREATED,COUNTRY,TLS,SEAR,South-East Asia,YEAR,2017,,,,,,,,,30,30,,,,2025-12-19T14:38:23Z,2017,01/01/2017,31/12/2017,,
9746667,MALARIA_ACT_TREATED,COUNTRY,ETH,AFR,Africa,YEAR,2018,,,,,,,,,748 601,748601,,,,2025-12-19T14:38:23Z,2018,01/01/2018,31/12/2018,,
9767095,MALARIA_ACT_TREATED,COUNTRY,SUR,AMR,Americas,YEAR,2022,,,,,,,,,7,7,,,,2025-12-19T14:38:23Z,2022,01/01/2022,31/12/2022,,
9773019,MALARIA_ACT_TREATED,COUNTRY,BFA,AFR,Africa,YEAR,2018,,,,,,,,,10 807 674,10807674,,,,2025-12-19T14:38:23Z,2018,01/01/2018,31/12/2018,,
9778015,MALARIA_ACT_TREATED,COUNTRY,ZWE,AFR,Africa,YEAR,2019,,,,,,,,,304 309,304309,,,,2025-12-19T14:38:23Z,2019,01/01/2019,31/12/2019,,
9780760,MALARIA_ACT_TREATED,COUNTRY,NGA,AFR,Africa,YEAR,2022,,,,,,,,,23 704 759,23704759,,,,2025-12-19T14:38:23Z,2022,01/01/2022,31/12/2022,,
9847746,MALARIA_ACT_TREATED,COUNTRY,VUT,WPR,Western Pacific,YEAR,2019,,,,,,,,,571,571,,,,2025-12-19T14:38:23Z,2019,01/01/2019,31/12/2019,,
9858256,MALARIA_ACT_TREATED,COUNTRY,AGO,AFR,Africa,YEAR,2023,,,,,,,,,1 316 833,1316833,,,,2025-12-19T14:38:23Z,2023,01/01/2023,31/12/2023,,
9870944,MALARIA_ACT_TREATED,COUNTRY,CPV,AFR,Africa,YEAR,2021,,,,,,,,,21,21,,,,2025-12-19T14:38:23Z,2021,01/01/2021,31/12/2021,,
9898190,MALARIA_ACT_TREATED,COUNTRY,NAM,AFR,Africa,YEAR,2021,,,,,,,,,13 738,13738,,,,2025-12-19T14:38:23Z,2021,01/01/2021,31/12/2021,,
9899205,MALARIA_ACT_TREATED,COUNTRY,KHM,WPR,Western Pacific,YEAR,2020,,,,,,,,,9176,9176,,,,2025-12-19T14:38:23Z,2020,01/01/2020,31/12/2020,,
9920961,MALARIA_ACT_TREATED,COUNTRY,KEN,AFR,Africa,YEAR,2024,,,,,,,,,4 350 090,4350090,,,,2025-12-19T14:38:23Z,2024,01/01/2024,31/12/2024,,
9938080,MALARIA_ACT_TREATED,COUNTRY,IND,SEAR,South-East Asia,YEAR,2020,,,,,,,,,119 087,119087,,,,2025-12-19T14:38:23Z,2020,01/01/2020,31/12/2020,,
9939944,MALARIA_ACT_TREATED,COUNTRY,MOZ,AFR,Africa,YEAR,2023,,,,,,,,,21 506 297,21506297,,,,2025-12-19T14:38:23Z,2023,01/01/2023,31/12/2023,,
10001773,MALARIA_ACT_TREATED,COUNTRY,ERI,AFR,Africa,YEAR,2018,,,,,,,,,23 584,23584,,,,2025-12-19T14:38:23Z,2018,01/01/2018,31/12/2018,,
10013408,MALARIA_ACT_TREATED,COUNTRY,MEX,AMR,Americas,YEAR,2022,,,,,,,,,0,0,,,,2025-12-19T14:38:23Z,2022,01/01/2022,31/12/2022,,
10083052,MALARIA_ACT_TREATED,COUNTRY,CAF,AFR,Africa,YEAR,2023,,,,,,,,,3 449 396,3449396,,,,2025-12-19T14:38:23Z,2023,01/01/2023,31/12/2023,,
10127925,MALARIA_ACT_TREATED,COUNTRY,SLE,AFR,Africa,YEAR,2021,,,,,,,,,3 394 004,3394004,,,,2025-12-19T14:38:23Z,2021,01/01/2021,31/12/2021,,
10131425,MALARIA_ACT_TREATED,COUNTRY,BTN,SEAR,South-East Asia,YEAR,2020,,,,,,,,,8,8,,,,2025-12-19T14:38:23Z,2020,01/01/2020,31/12/2020,,
10140943,MALARIA_ACT_TREATED,COUNTRY,COD,AFR,Africa,YEAR,2021,,,,,,,,,18 535 664,18535664,,,,2025-12-19T14:38:23Z,2021,01/01/2021,31/12/2021,,
10150443,MALARIA_ACT_TREATED,COUNTRY,MLI,AFR,Africa,YEAR,2021,,,,,,,,,2 126 004,2126004,,,,2025-12-19T14:38:23Z,2021,01/01/2021,31/12/2021,,
10165074,MALARIA_ACT_TREATED,COUNTRY,SEN,AFR,Africa,YEAR,2023,,,,,,,,,306 095,306095,,,,2025-12-19T14:38:23Z,2023,01/01/2023,31/12/2023,,
10186328,MALARIA_ACT_TREATED,COUNTRY,CAF,AFR,Africa,YEAR,2020,,,,,,,,,1 740 970,1740970,,,,2025-12-19T14:38:23Z,2020,01/01/2020,31/12/2020,,
10221742,MALARIA_ACT_TREATED,COUNTRY,SSD,AFR,Africa,YEAR,2023,,,,,,,,,663 179,663179,,,,2025-12-19T14:38:23Z,2023,01/01/2023,31/12/2023,,
10222093,MALARIA_ACT_TREATED,COUNTRY,IND,SEAR,South-East Asia,YEAR,2022,,,,,,,,,101 070,101070,,,,2025-12-19T14:38:23Z,2022,01/01/2022,31/12/2022,,
10231726,MALARIA_ACT_TREATED,COUNTRY,PER,AMR,Americas,YEAR,2021,,,,,,,,,3595,3595,,,,2025-12-19T14:38:23Z,2021,01/01/2021,31/12/2021,,
22079,MALARIA_ACT_TREATED,COUNTRY,ZMB,AFR,Africa,YEAR,2024,,,,,,,,,9 846 969,9846969,,,,2025-12-19T14:38:23Z,2024,01/01/2024,31/12/2024,,
50642,MALARIA_ACT_TREATED,COUNTRY,NPL,SEAR,South-East Asia,YEAR,2022,,,,,,,,,119,119,,,,2025-12-19T14:38:23Z,2022,01/01/2022,31/12/2022,,
51660,MALARIA_ACT_TREATED,COUNTRY,VNM,WPR,Western Pacific,YEAR,2018,,,,,,,,,4525,4525,,,,2025-12-19T14:38:23Z,2018,01/01/2018,31/12/2018,,
59537,MALARIA_ACT_TREATED,COUNTRY,BOL,AMR,Americas,YEAR,2021,,,,,,,,,9959,9959,,,,2025-12-19T14:38:23Z,2021,01/01/2021,31/12/2021,,
70098,MALARIA_ACT_TREATED,COUNTRY,SLE,AFR,Africa,YEAR,2020,,,,,,,,,658 948,658948,,,,2025-12-19T14:38:23Z,2020,01/01/2020,31/12/2020,,
71461,MALARIA_ACT_TREATED,COUNTRY,HND,AMR,Americas,YEAR,2020,,,,,,,,,0,0,,,,2025-12-19T14:38:23Z,2020,01/01/2020,31/12/2020,,
81696,MALARIA_ACT_TREATED,COUNTRY,BOL,AMR,Americas,YEAR,2018,,,,,,,,,5920,5920,,,,2025-12-19T14:38:23Z,2018,01/01/2018,31/12/2018,,
139038,MALARIA_ACT_TREATED,COUNTRY,VUT,WPR,Western Pacific,YEAR,2022,,,,,,,,,1141,1141,,,,2025-12-19T14:38:23Z,2022,01/01/2022,31/12/2022,,
149861,MALARIA_ACT_TREATED,COUNTRY,GNB,AFR,Africa,YEAR,2023,,,,,,,,,98 693,98693,,,,2025-12-19T14:38:23Z,2023,01/01/2023,31/12/2023,,
151069,MALARIA_ACT_TREATED,COUNTRY,VNM,WPR,Western Pacific,YEAR,2023,,,,,,,,,124,124,,,,2025-12-19T14:38:23Z,2023,01/01/2023,31/12/2023,,
195544,MALARIA_ACT_TREATED,COUNTRY,ETH,AFR,Africa,YEAR,2019,,,,,,,,,836 293,836293,,,,2025-12-19T14:38:23Z,2019,01/01/2019,31/12/2019,,
199427,MALARIA_ACT_TREATED,COUNTRY,THA,SEAR,South-East Asia,YEAR,2019,,,,,,,,,536,536,,,,2025-12-19T14:38:23Z,2019,01/01/2019,31/12/2019,,
220590,MALARIA_ACT_TREATED,COUNTRY,CRI,AMR,Americas,YEAR,2021,,,,,,,,,12,12,,,,2025-12-19T14:38:23Z,2021,01/01/2021,31/12/2021,,
228948,MALARIA_ACT_TREATED,COUNTRY,MLI,AFR,Africa,YEAR,2020,,,,,,,,,1 793 074,1793074,,,,2025-12-19T14:38:23Z,2020,01/01/2020,31/12/2020,,
236576,MALARIA_ACT_TREATED,COUNTRY,AGO,AFR,Africa,YEAR,2018,,,,,,,,,6 092 332,6092332,,,,2025-12-19T14:38:23Z,2018,01/01/2018,31/12/2018,,
247294,MALARIA_ACT_TREATED,COUNTRY,BRA,AMR,Americas,YEAR,2023,,,,,,,,,49 393,49393,,,,2025-12-19T14:38:23Z,2023,01/01/2023,31/12/2023,,
261021,MALARIA_ACT_TREATED,COUNTRY,COG,AFR,Africa,YEAR,2020,,,,,,,,,103 692,103692,,,,2025-12-19T14:38:23Z,2020,01/01/2020,31/12/2020,,
268291,MALARIA_ACT_TREATED,COUNTRY,MLI,AFR,Africa,YEAR,2019,,,,,,,,,2 826 112,2826112,,,,2025-12-19T14:38:23Z,2019,01/01/2019,31/12/2019,,
278139,MALARIA_ACT_TREATED,COUNTRY,KEN,AFR,Africa,YEAR,2021,,,,,,,,,3 618 614,3618614,,,,2025-12-19T14:38:23Z,2021,01/01/2021,31/12/2021,,
298537,MALARIA_ACT_TREATED,COUNTRY,MOZ,AFR,Africa,YEAR,2024,,,,,,,,,11 527 048,11527048,,,,2025-12-19T14:38:23Z,2024,01/01/2024,31/12/2024,,
313891,MALARIA_ACT_TREATED,COUNTRY,BGD,SEAR,South-East Asia,YEAR,2023,,,,,,,,,8807,8807,,,,2025-12-19T14:38:23Z,2023,01/01/2023,31/12/2023,,
417333,MALARIA_ACT_TREATED,COUNTRY,VNM,WPR,Western Pacific,YEAR,2024,,,,,,,,,201,201,,,,2025-12-19T14:38:23Z,2024,01/01/2024,31/12/2024,,
417899,MALARIA_ACT_TREATED,COUNTRY,TLS,SEAR,South-East Asia,YEAR,2020,,,,,,,,,14,14,,,,2025-12-19T14:38:23Z,2020,01/01/2020,31/12/2020,,
428676,MALARIA_ACT_TREATED,COUNTRY,SEN,AFR,Africa,YEAR,2019,,,,,,,,,339 598,339598,,,,2025-12-19T14:38:23Z,2019,01/01/2019,31/12/2019,,
436435,MALARIA_ACT_TREATED,COUNTRY,NAM,AFR,Africa,YEAR,2018,,,,,,,,,1721,1721,,,,2025-12-19T14:38:23Z,2018,01/01/2018,31/12/2018,,
520380,MALARIA_ACT_TREATED,COUNTRY,TGO,AFR,Africa,YEAR,2019,,,,,,,,,2 266 412,2266412,,,,2025-12-19T14:38:23Z,2019,01/01/2019,31/12/2019,,
525636,MALARIA_ACT_TREATED,COUNTRY,BDI,AFR,Africa,YEAR,2018,,,,,,,,,5 032 209,5032209,,,,2025-12-19T14:38:23Z,2018,01/01/2018,31/12/2018,,
604325,MALARIA_ACT_TREATED,COUNTRY,VEN,AMR,Americas,YEAR,2020,,,,,,,,,48 292,48292,,,,2025-12-19T14:38:23Z,2020,01/01/2020,31/12/2020,,
634898,MALARIA_ACT_TREATED,COUNTRY,IRN,EMR,Eastern Mediterranean,YEAR,2017,,,,,,,,,43,43,,,,2025-12-19T14:38:23Z,2017,01/01/2017,31/12/2017,,
667137,MALARIA_ACT_TREATED,COUNTRY,MOZ,AFR,Africa,YEAR,2022,,,,,,,,,12 281 121,12281121,,,,2025-12-19T14:38:23Z,2022,01/01/2022,31/12/2022,,
691098,MALARIA_ACT_TREATED,COUNTRY,AFG,EMR,Eastern Mediterranean,YEAR,2021,,,,,,,,,82 141,82141,,,,2025-12-19T14:38:23Z,2021,01/01/2021,31/12/2021,,
691410,MALARIA_ACT_TREATED,COUNTRY,NGA,AFR,Africa,YEAR,2019,,,,,,,,,21 252 650,21252650,,,,2025-12-19T14:38:23Z,2019,01/01/2019,31/12/2019,,
711923,MALARIA_ACT_TREATED,COUNTRY,PAK,EMR,Eastern Mediterranean,YEAR,2020,,,,,,,,,75 778,75778.36593,,,,2025-12-19T14:38:23Z,2020,01/01/2020,31/12/2020,,
727475,MALARIA_ACT_TREATED,COUNTRY,NAM,AFR,Africa,YEAR,2020,,,,,,,,,13 636,13636,,,,2025-12-19T14:38:23Z,2020,01/01/2020,31/12/2020,,
798214,MALARIA_ACT_TREATED,COUNTRY,GAB,AFR,Africa,YEAR,2020,,,,,,,,,30 819,30819,,,,2025-12-19T14:38:23Z,2020,01/01/2020,31/12/2020,,
812229,MALARIA_ACT_TREATED,COUNTRY,IND,SEAR,South-East Asia,YEAR,2023,,,,,,,,,10 244,10244,,,,2025-12-19T14:38:23Z,2023,01/01/2023,31/12/2023,,
818942,MALARIA_ACT_TREATED,COUNTRY,UGA,AFR,Africa,YEAR,2018,,,,,,,,,5 244 003,5244003,,,,2025-12-19T14:38:23Z,2018,01/01/2018,31/12/2018,,
828736,MALARIA_ACT_TREATED,COUNTRY,LBR,AFR,Africa,YEAR,2018,,,,,,,,,1 113 579,1113579,,,,2025-12-19T14:38:23Z,2018,01/01/2018,31/12/2018,,
881545,MALARIA_ACT_TREATED,COUNTRY,MYS,WPR,Western Pacific,YEAR,2022,,,,,,,,,2802,2802,,,,2025-12-19T14:38:23Z,2022,01/01/2022,31/12/2022,,
930188,MALARIA_ACT_TREATED,COUNTRY,THA,SEAR,South-East Asia,YEAR,2024,,,,,,,,,750,750,,,,2025-12-19T14:38:23Z,2024,01/01/2024,31/12/2024,,
947092,MALARIA_ACT_TREATED,COUNTRY,CPV,AFR,Africa,YEAR,2023,,,,,,,,,36,36,,,,2025-12-19T14:38:23Z,2023,01/01/2023,31/12/2023,,
973176,MALARIA_ACT_TREATED,COUNTRY,SSD,AFR,Africa,YEAR,2019,,,,,,,,,122 665,122665,,,,2025-12-19T14:38:23Z,2019,01/01/2019,31/12/2019,,
990322,MALARIA_ACT_TREATED,COUNTRY,BWA,AFR,Africa,YEAR,2021,,,,,,,,,519,519,,,,2025-12-19T14:38:23Z,2021,01/01/2021,31/12/2021,,
1011093,MALARIA_ACT_TREATED,COUNTRY,TGO,AFR,Africa,YEAR,2021,,,,,,,,,1 772 609,1772609,,,,2025-12-19T14:38:23Z,2021,01/01/2021,31/12/2021,,
1035287,MALARIA_ACT_TREATED,COUNTRY,TCD,AFR,Africa,YEAR,2021,,,,,,,,,1 012 958,1012958,,,,2025-12-19T14:38:23Z,2021,01/01/2021,31/12/2021,,
1068252,MALARIA_ACT_TREATED,COUNTRY,KEN,AFR,Africa,YEAR,2018,,,,,,,,,6 115 406,6115406,,,,2025-12-19T14:38:23Z,2018,01/01/2018,31/12/2018,,
1085297,MALARIA_ACT_TREATED,COUNTRY,AGO,AFR,Africa,YEAR,2019,,,,,,,,,5 575 259,5575259,,,,2025-12-19T14:38:23Z,2019,01/01/2019,31/12/2019,,
1093227,MALARIA_ACT_TREATED,COUNTRY,KEN,AFR,Africa,YEAR,2023,,,,,,,,,5 005 921,5005921,,,,2025-12-19T14:38:23Z,2023,01/01/2023,31/12/2023,,
1119296,MALARIA_ACT_TREATED,COUNTRY,SDN,EMR,Eastern Mediterranean,YEAR,2020,,,,,,,,,4 733 626,4733626,,,,2025-12-19T14:38:23Z,2020,01/01/2020,31/12/2020,,
1144281,MALARIA_ACT_TREATED,COUNTRY,NER,AFR,Africa,YEAR,2023,,,,,,,,,3 930 358,3930358,,,,2025-12-19T14:38:23Z,2023,01/01/2023,31/12/2023,,
1151457,MALARIA_ACT_TREATED,COUNTRY,MWI,AFR,Africa,YEAR,2022,,,,,,,,,4 257 729,4257729,,,,2025-12-19T14:38:23Z,2022,01/01/2022,31/12/2022,,
1184535,MALARIA_ACT_TREATED,COUNTRY,SSD,AFR,Africa,YEAR,2022,,,,,,,,,401 196,401196,,,,2025-12-19T14:38:23Z,2022,01/01/2022,31/12/2022,,
1194360,MALARIA_ACT_TREATED,COUNTRY,PAK,EMR,Eastern Mediterranean,YEAR,2022,,,,,,,,,85 486,85485.88886,,,,2025-12-19T14:38:23Z,2022,01/01/2022,31/12/2022,,
1211398,MALARIA_ACT_TREATED,COUNTRY,MEX,AMR,Americas,YEAR,2020,,,,,,,,,0,0,,,,2025-12-19T14:38:23Z,2020,01/01/2020,31/12/2020,,
1227445,MALARIA_ACT_TREATED,COUNTRY,AGO,AFR,Africa,YEAR,2021,,,,,,,,,7 793 251,7793251,,,,2025-12-19T14:38:23Z,2021,01/01/2021,31/12/2021,,
1267976,MALARIA_ACT_TREATED,COUNTRY,DJI,EMR,Eastern Mediterranean,YEAR,2020,,,,,,,,,69 029,69029,,,,2025-12-19T14:38:23Z,2020,01/01/2020,31/12/2020,,
1277959,MALARIA_ACT_TREATED,COUNTRY,ZMB,AFR,Africa,YEAR,2023,,,,,,,,,7 828 398,7828398.032,,,,2025-12-19T14:38:23Z,2023,01/01/2023,31/12/2023,,
1289201,MALARIA_ACT_TREATED,COUNTRY,UGA,AFR,Africa,YEAR,2024,,,,,,,,,12 447 628,12447628,,,,2025-12-19T14:38:23Z,2024,01/01/2024,31/12/2024,,
1362716,MALARIA_ACT_TREATED,COUNTRY,SWZ,AFR,Africa,YEAR,2021,,,,,,,,,474,474,,,,2025-12-19T14:38:23Z,2021,01/01/2021,31/12/2021,,
1384355,MALARIA_ACT_TREATED,COUNTRY,BOL,AMR,Americas,YEAR,2019,,,,,,,,,9357,9357,,,,2025-12-19T14:38:23Z,2019,01/01/2019,31/12/2019,,
1413567,MALARIA_ACT_TREATED,COUNTRY,ZAF,AFR,Africa,YEAR,2022,,,,,,,,,7176,7176,,,,2025-12-19T14:38:23Z,2022,01/01/2022,31/12/2022,,
1424754,MALARIA_ACT_TREATED,COUNTRY,BLZ,AMR,Americas,YEAR,2021,,,,,,,,,0,0,,,,2025-12-19T14:38:23Z,2021,01/01/2021,31/12/2021,,
1447633,MALARIA_ACT_TREATED,COUNTRY,BDI,AFR,Africa,YEAR,2024,,,,,,,,,5 914 861,5914861,,,,2025-12-19T14:38:23Z,2024,01/01/2024,31/12/2024,,
1449014,MALARIA_ACT_TREATED,COUNTRY,COD,AFR,Africa,YEAR,2019,,,,,,,,,18 853 209,18853209,,,,2025-12-19T14:38:23Z,2019,01/01/2019,31/12/2019,,
1456574,MALARIA_ACT_TREATED,COUNTRY,BFA,AFR,Africa,YEAR,2023,,,,,,,,,9 886 094,9886094,,,,2025-12-19T14:38:23Z,2023,01/01/2023,31/12/2023,,
1463231,MALARIA_ACT_TREATED,COUNTRY,GAB,AFR,Africa,YEAR,2018,,,,,,,,,208 953,208953,,,,2025-12-19T14:38:23Z,2018,01/01/2018,31/12/2018,,
1484559,MALARIA_ACT_TREATED,COUNTRY,CMR,AFR,Africa,YEAR,2023,,,,,,,,,2 240 309,2240309,,,,2025-12-19T14:38:23Z,2023,01/01/2023,31/12/2023,,
1550273,MALARIA_ACT_TREATED,COUNTRY,UGA,AFR,Africa,YEAR,2019,,,,,,,,,9 728 920,9728920,,,,2025-12-19T14:38:23Z,2019,01/01/2019,31/12/2019,,
1560216,MALARIA_ACT_TREATED,COUNTRY,SLB,WPR,Western Pacific,YEAR,2024,,,,,,,,,128 779,128779,,,,2025-12-19T14:38:23Z,2024,01/01/2024,31/12/2024,,
1561981,MALARIA_ACT_TREATED,COUNTRY,GMB,AFR,Africa,YEAR,2022,,,,,,,,,110 988,110988,,,,2025-12-19T14:38:23Z,2022,01/01/2022,31/12/2022,,
1563178,MALARIA_ACT_TREATED,COUNTRY,DJI,EMR,Eastern Mediterranean,YEAR,2021,,,,,,,,,56 081,56081,,,,2025-12-19T14:38:23Z,2021,01/01/2021,31/12/2021,,
1591880,MALARIA_ACT_TREATED,COUNTRY,MOZ,AFR,Africa,YEAR,2020,,,,,,,,,11 132 323,11132323,,,,2025-12-19T14:38:23Z,2020,01/01/2020,31/12/2020,,
1617614,MALARIA_ACT_TREATED,COUNTRY,LBR,AFR,Africa,YEAR,2024,,,,,,,,,899 625,899625,,,,2025-12-19T14:38:23Z,2024,01/01/2024,31/12/2024,,
1619051,MALARIA_ACT_TREATED,COUNTRY,ECU,AMR,Americas,YEAR,2020,,,,,,,,,243,243,,,,2025-12-19T14:38:23Z,2020,01/01/2020,31/12/2020,,
1622210,MALARIA_ACT_TREATED,COUNTRY,NPL,SEAR,South-East Asia,YEAR,2019,,,,,,,,,63,63,,,,2025-12-19T14:38:23Z,2019,01/01/2019,31/12/2019,,
1624011,MALARIA_ACT_TREATED,COUNTRY,BTN,SEAR,South-East Asia,YEAR,2018,,,,,,,,,17,17,,,,2025-12-19T14:38:23Z,2018,01/01/2018,31/12/2018,,
1638611,MALARIA_ACT_TREATED,COUNTRY,GHA,AFR,Africa,YEAR,2022,,,,,,,,,5 142 790,5142790,,,,2025-12-19T14:38:23Z,2022,01/01/2022,31/12/2022,,
1645177,MALARIA_ACT_TREATED,COUNTRY,ZAF,AFR,Africa,YEAR,2021,,,,,,,,,5889,5889,,,,2025-12-19T14:38:23Z,2021,01/01/2021,31/12/2021,,
1662539,MALARIA_ACT_TREATED,COUNTRY,PAK,EMR,Eastern Mediterranean,YEAR,2019,,,,,,,,,90 178,90178,,,,2025-12-19T14:38:23Z,2019,01/01/2019,31/12/2019,,
1668047,MALARIA_ACT_TREATED,COUNTRY,GAB,AFR,Africa,YEAR,2021,,,,,,,,,103 866,103866,,,,2025-12-19T14:38:23Z,2021,01/01/2021,31/12/2021,,
1772798,MALARIA_ACT_TREATED,COUNTRY,ZAF,AFR,Africa,YEAR,2020,,,,,,,,,16 028,16028,,,,2025-12-19T14:38:23Z,2020,01/01/2020,31/12/2020,,
1773679,MALARIA_ACT_TREATED,COUNTRY,PAN,AMR,Americas,YEAR,2023,,,,,,,,,19,19,,,,2025-12-19T14:38:23Z,2023,01/01/2023,31/12/2023,,
1808354,MALARIA_ACT_TREATED,COUNTRY,NIC,AMR,Americas,YEAR,2023,,,,,,,,,102,102,,,,2025-12-19T14:38:23Z,2023,01/01/2023,31/12/2023,,
1813273,MALARIA_ACT_TREATED,COUNTRY,IND,SEAR,South-East Asia,YEAR,2021,,,,,,,,,101 566,101566,,,,2025-12-19T14:38:23Z,2021,01/01/2021,31/12/2021,,
1815468,MALARIA_ACT_TREATED,COUNTRY,VNM,WPR,Western Pacific,YEAR,2020,,,,,,,,,818,818,,,,2025-12-19T14:38:23Z,2020,01/01/2020,31/12/2020,,
1836672,MALARIA_ACT_TREATED,COUNTRY,SAU,EMR,Eastern Mediterranean,YEAR,2021,,,,,,,,,2023,2023,,,,2025-12-19T14:38:23Z,2021,01/01/2021,31/12/2021,,
1837691,MALARIA_ACT_TREATED,COUNTRY,IRN,EMR,Eastern Mediterranean,YEAR,2022,,,,,,,,,1335,1335,,,,2025-12-19T14:38:23Z,2022,01/01/2022,31/12/2022,,
1858973,MALARIA_ACT_TREATED,COUNTRY,TGO,AFR,Africa,YEAR,2020,,,,,,,,,1 525 721,1525721,,,,2025-12-19T14:38:23Z,2020,01/01/2020,31/12/2020,,
1874510,MALARIA_ACT_TREATED,COUNTRY,KEN,AFR,Africa,YEAR,2019,,,,,,,,,5 004 487,5004487,,,,2025-12-19T14:38:23Z,2019,01/01/2019,31/12/2019,,
1916740,MALARIA_ACT_TREATED,COUNTRY,STP,AFR,Africa,YEAR,2018,,,,,,,,,2940,2940,,,,2025-12-19T14:38:23Z,2018,01/01/2018,31/12/2018,,
1923604,MALARIA_ACT_TREATED,COUNTRY,TGO,AFR,Africa,YEAR,2018,,,,,,,,,1 560 097,1560097,,,,2025-12-19T14:38:23Z,2018,01/01/2018,31/12/2018,,
1937991,MALARIA_ACT_TREATED,COUNTRY,DJI,EMR,Eastern Mediterranean,YEAR,2022,,,,,,,,,39 034,39034,,,,2025-12-19T14:38:23Z,2022,01/01/2022,31/12/2022,,
1954560,MALARIA_ACT_TREATED,COUNTRY,CIV,AFR,Africa,YEAR,2019,,,,,,,,,508 699,508699,,,,2025-12-19T14:38:23Z,2019,01/01/2019,31/12/2019,,
1954676,MALARIA_ACT_TREATED,COUNTRY,BRA,AMR,Americas,YEAR,2022,,,,,,,,,43 072,43072,,,,2025-12-19T14:38:23Z,2022,01/01/2022,31/12/2022,,
2000064,MALARIA_ACT_TREATED,COUNTRY,MYS,WPR,Western Pacific,YEAR,2023,,,,,,,,,3626,3626,,,,2025-12-19T14:38:23Z,2023,01/01/2023,31/12/2023,,
2001937,MALARIA_ACT_TREATED,COUNTRY,GNQ,AFR,Africa,YEAR,2024,,,,,,,,,7083,7083,,,,2025-12-19T14:38:23Z,2024,01/01/2024,31/12/2024,,
2044830,MALARIA_ACT_TREATED,COUNTRY,RWA,AFR,Africa,YEAR,2019,,,,,,,,,3 545 251,3545251,,,,2025-12-19T14:38:23Z,2019,01/01/2019,31/12/2019,,
2046269,MALARIA_ACT_TREATED,COUNTRY,COM,AFR,Africa,YEAR,2024,,,,,,,,,51 668,51668,,,,2025-12-19T14:38:23Z,2024,01/01/2024,31/12/2024,,
2062040,MALARIA_ACT_TREATED,COUNTRY,PRY,AMR,Americas,YEAR,2019,,,,,,,,,80,80,,,,2025-12-19T14:38:23Z,2019,01/01/2019,31/12/2019,,
2070695,MALARIA_ACT_TREATED,COUNTRY,VEN,AMR,Americas,YEAR,2018,,,,,,,,,97 293,97293,,,,2025-12-19T14:38:23Z,2018,01/01/2018,31/12/2018,,
2086542,MALARIA_ACT_TREATED,COUNTRY,SLB,WPR,Western Pacific,YEAR,2021,,,,,,,,,118 643,118643,,,,2025-12-19T14:38:23Z,2021,01/01/2021,31/12/2021,,
2097606,MALARIA_ACT_TREATED,COUNTRY,IDN,WPR,Western Pacific,YEAR,2023,,,,,,,,,377 662,377662,,,,2025-12-19T14:38:23Z,2023,01/01/2023,31/12/2023,,
2103830,MALARIA_ACT_TREATED,COUNTRY,THA,SEAR,South-East Asia,YEAR,2021,,,,,,,,,86,86,,,,2025-12-19T14:38:23Z,2021,01/01/2021,31/12/2021,,
2156505,MALARIA_ACT_TREATED,COUNTRY,BOL,AMR,Americas,YEAR,2024,,,,,,,,,1021,1021,,,,2025-12-19T14:38:23Z,2024,01/01/2024,31/12/2024,,
2197853,MALARIA_ACT_TREATED,COUNTRY,GHA,AFR,Africa,YEAR,2021,,,,,,,,,5 728 505,5728505,,,,2025-12-19T14:38:23Z,2021,01/01/2021,31/12/2021,,
2230095,MALARIA_ACT_TREATED,COUNTRY,SAU,EMR,Eastern Mediterranean,YEAR,2022,,,,,,,,,3079,3079,,,,2025-12-19T14:38:23Z,2022,01/01/2022,31/12/2022,,
2254712,MALARIA_ACT_TREATED,COUNTRY,MMR,SEAR,South-East Asia,YEAR,2023,,,,,,,,,42 188,42188,,,,2025-12-19T14:38:23Z,2023,01/01/2023,31/12/2023,,
2254872,MALARIA_ACT_TREATED,COUNTRY,COG,AFR,Africa,YEAR,2022,,,,,,,,,349 345,349345,,,,2025-12-19T14:38:23Z,2022,01/01/2022,31/12/2022,,
2281476,MALARIA_ACT_TREATED,COUNTRY,DOM,AMR,Americas,YEAR,2019,,,,,,,,,7,7,,,,2025-12-19T14:38:23Z,2019,01/01/2019,31/12/2019,,
2282162,MALARIA_ACT_TREATED,COUNTRY,IRN,EMR,Eastern Mediterranean,YEAR,2024,,,,,,,,,2008,2008,,,,2025-12-19T14:38:23Z,2024,01/01/2024,31/12/2024,,
2290270,MALARIA_ACT_TREATED,COUNTRY,IND,SEAR,South-East Asia,YEAR,2018,,,,,,,,,29 453,29453,,,,2025-12-19T14:38:23Z,2018,01/01/2018,31/12/2018,,
2302212,MALARIA_ACT_TREATED,COUNTRY,SWZ,AFR,Africa,YEAR,2024,,,,,,,,,316,316,,,,2025-12-19T14:38:23Z,2024,01/01/2024,31/12/2024,,
2303050,MALARIA_ACT_TREATED,COUNTRY,BDI,AFR,Africa,YEAR,2023,,,,,,,,,3 488 013,3488013,,,,2025-12-19T14:38:23Z,2023,01/01/2023,31/12/2023,,
2305906,MALARIA_ACT_TREATED,COUNTRY,TCD,AFR,Africa,YEAR,2022,,,,,,,,,1 243 864,1243864,,,,2025-12-19T14:38:23Z,2022,01/01/2022,31/12/2022,,
2339475,MALARIA_ACT_TREATED,COUNTRY,ETH,AFR,Africa,YEAR,2020,,,,,,,,,1 197 131,1197131,,,,2025-12-19T14:38:23Z,2020,01/01/2020,31/12/2020,,
2381407,MALARIA_ACT_TREATED,COUNTRY,IRN,EMR,Eastern Mediterranean,YEAR,2021,,,,,,,,,151,151,,,,2025-12-19T14:38:23Z,2021,01/01/2021,31/12/2021,,
2384895,MALARIA_ACT_TREATED,COUNTRY,THA,SEAR,South-East Asia,YEAR,2018,,,,,,,,,443,443,,,,2025-12-19T14:38:23Z,2018,01/01/2018,31/12/2018,,
2401049,MALARIA_ACT_TREATED,COUNTRY,IDN,WPR,Western Pacific,YEAR,2022,,,,,,,,,412 783,412783,,,,2025-12-19T14:38:23Z,2022,01/01/2022,31/12/2022,,
2402826,MALARIA_ACT_TREATED,COUNTRY,PHL,WPR,Western Pacific,YEAR,2018,,,,,,,,,4559,4559,,,,2025-12-19T14:38:23Z,2018,01/01/2018,31/12/2018,,
2409323,MALARIA_ACT_TREATED,COUNTRY,MRT,AFR,Africa,YEAR,2018,,,,,,,,,25 416,25416,,,,2025-12-19T14:38:23Z,2018,01/01/2018,31/12/2018,,
2424909,MALARIA_ACT_TREATED,COUNTRY,BFA,AFR,Africa,YEAR,2024,,,,,,,,,10 318 547,10318547,,,,2025-12-19T14:38:23Z,2024,01/01/2024,31/12/2024,,
2480876,MALARIA_ACT_TREATED,COUNTRY,MWI,AFR,Africa,YEAR,2024,,,,,,,,,9 203 803,9203803,,,,2025-12-19T14:38:23Z,2024,01/01/2024,31/12/2024,,
2482982,MALARIA_ACT_TREATED,COUNTRY,SEN,AFR,Africa,YEAR,2022,,,,,,,,,335 939,335939.1463,,,,2025-12-19T14:38:23Z,2022,01/01/2022,31/12/2022,,
2488466,MALARIA_ACT_TREATED,COUNTRY,MEX,AMR,Americas,YEAR,2021,,,,,,,,,0,0,,,,2025-12-19T14:38:23Z,2021,01/01/2021,31/12/2021,,
2490952,MALARIA_ACT_TREATED,COUNTRY,GNB,AFR,Africa,YEAR,2022,,,,,,,,,156 057,156057,,,,2025-12-19T14:38:23Z,2022,01/01/2022,31/12/2022,,
2494733,MALARIA_ACT_TREATED,COUNTRY,PHL,WPR,Western Pacific,YEAR,2023,,,,,,,,,6146,6146,,,,2025-12-19T14:38:23Z,2023,01/01/2023,31/12/2023,,
2497878,MALARIA_ACT_TREATED,COUNTRY,MMR,SEAR,South-East Asia,YEAR,2019,,,,,,,,,23 623,23623,,,,2025-12-19T14:38:23Z,2019,01/01/2019,31/12/2019,,
2505108,MALARIA_ACT_TREATED,COUNTRY,GMB,AFR,Africa,YEAR,2024,,,,,,,,,102 629,102629,,,,2025-12-19T14:38:23Z,2024,01/01/2024,31/12/2024,,
2531854,MALARIA_ACT_TREATED,COUNTRY,GUY,AMR,Americas,YEAR,2023,,,,,,,,,11 260,11260,,,,2025-12-19T14:38:23Z,2023,01/01/2023,31/12/2023,,
2557698,MALARIA_ACT_TREATED,COUNTRY,AGO,AFR,Africa,YEAR,2024,,,,,,,,,10 542 513,10542513,,,,2025-12-19T14:38:23Z,2024,01/01/2024,31/12/2024,,
2567228,MALARIA_ACT_TREATED,COUNTRY,BWA,AFR,Africa,YEAR,2024,,,,,,,,,253,253,,,,2025-12-19T14:38:23Z,2024,01/01/2024,31/12/2024,,
2567812,MALARIA_ACT_TREATED,COUNTRY,CAF,AFR,Africa,YEAR,2022,,,,,,,,,2 460 689,2460689,,,,2025-12-19T14:38:23Z,2022,01/01/2022,31/12/2022,,
2633287,MALARIA_ACT_TREATED,COUNTRY,ERI,AFR,Africa,YEAR,2021,,,,,,,,,42 056,42056,,,,2025-12-19T14:38:23Z,2021,01/01/2021,31/12/2021,,
2645710,MALARIA_ACT_TREATED,COUNTRY,COD,AFR,Africa,YEAR,2024,,,,,,,,,30 003 155,30003155,,,,2025-12-19T14:38:23Z,2024,01/01/2024,31/12/2024,,
2646317,MALARIA_ACT_TREATED,COUNTRY,SAU,EMR,Eastern Mediterranean,YEAR,2023,,,,,,,,,3769,3769,,,,2025-12-19T14:38:23Z,2023,01/01/2023,31/12/2023,,
2649925,MALARIA_ACT_TREATED,COUNTRY,MOZ,AFR,Africa,YEAR,2018,,,,,,,,,10 064 430,10064430,,,,2025-12-19T14:38:23Z,2018,01/01/2018,31/12/2018,,
2695097,MALARIA_ACT_TREATED,COUNTRY,ZWE,AFR,Africa,YEAR,2022,,,,,,,,,137 260,137260,,,,2025-12-19T14:38:23Z,2022,01/01/2022,31/12/2022,,
2695643,MALARIA_ACT_TREATED,COUNTRY,COL,AMR,Americas,YEAR,2021,,,,,,,,,36 531,36531,,,,2025-12-19T14:38:23Z,2021,01/01/2021,31/12/2021,,
2703843,MALARIA_ACT_TREATED,COUNTRY,TCD,AFR,Africa,YEAR,2020,,,,,,,,,1 452 420,1452420,,,,2025-12-19T14:38:23Z,2020,01/01/2020,31/12/2020,,
2777536,MALARIA_ACT_TREATED,COUNTRY,ERI,AFR,Africa,YEAR,2019,,,,,,,,,65 697,65697,,,,2025-12-19T14:38:23Z,2019,01/01/2019,31/12/2019,,
2793436,MALARIA_ACT_TREATED,COUNTRY,PAN,AMR,Americas,YEAR,2019,,,,,,,,,3,3,,,,2025-12-19T14:38:23Z,2019,01/01/2019,31/12/2019,,
2845129,MALARIA_ACT_TREATED,COUNTRY,SUR,AMR,Americas,YEAR,2023,,,,,,,,,8,8,,,,2025-12-19T14:38:23Z,2023,01/01/2023,31/12/2023,,
2886100,MALARIA_ACT_TREATED,COUNTRY,GNQ,AFR,Africa,YEAR,2022,,,,,,,,,33 075,33075,,,,2025-12-19T14:38:23Z,2022,01/01/2022,31/12/2022,,
2915067,MALARIA_ACT_TREATED,COUNTRY,BGD,SEAR,South-East Asia,YEAR,2024,,,,,,,,,6854,6854,,,,2025-12-19T14:38:23Z,2024,01/01/2024,31/12/2024,,
2924970,MALARIA_ACT_TREATED,COUNTRY,STP,AFR,Africa,YEAR,2024,,,,,,,,,7118,7118,,,,2025-12-19T14:38:23Z,2024,01/01/2024,31/12/2024,,
2941285,MALARIA_ACT_TREATED,COUNTRY,BEN,AFR,Africa,YEAR,2018,,,,,,,,,340 062,340062,,,,2025-12-19T14:38:23Z,2018,01/01/2018,31/12/2018,,
2961733,MALARIA_ACT_TREATED,COUNTRY,MYS,WPR,Western Pacific,YEAR,2019,,,,,,,,,3923,3923,,,,2025-12-19T14:38:23Z,2019,01/01/2019,31/12/2019,,
2969726,MALARIA_ACT_TREATED,COUNTRY,ZAF,AFR,Africa,YEAR,2024,,,,,,,,,4162,4162,,,,2025-12-19T14:38:23Z,2024,01/01/2024,31/12/2024,,
2972790,MALARIA_ACT_TREATED,COUNTRY,LKA,SEAR,South-East Asia,YEAR,2023,,,,,,,,,45,45,,,,2025-12-19T14:38:23Z,2023,01/01/2023,31/12/2023,,
2975905,MALARIA_ACT_TREATED,COUNTRY,TZA,AFR,Africa,YEAR,2023,,,,,,,,,3 218 740,3218740,,,,2025-12-19T14:38:23Z,2023,01/01/2023,31/12/2023,,
2977840,MALARIA_ACT_TREATED,COUNTRY,MLI,AFR,Africa,YEAR,2023,,,,,,,,,2 908 108,2908108,,,,2025-12-19T14:38:23Z,2023,01/01/2023,31/12/2023,,
2996754,MALARIA_ACT_TREATED,COUNTRY,COL,AMR,Americas,YEAR,2019,,,,,,,,,39 891,39891,,,,2025-12-19T14:38:23Z,2019,01/01/2019,31/12/2019,,
3052465,MALARIA_ACT_TREATED,COUNTRY,COL,AMR,Americas,YEAR,2022,,,,,,,,,62 321,62321,,,,2025-12-19T14:38:23Z,2022,01/01/2022,31/12/2022,,
3065735,MALARIA_ACT_TREATED,COUNTRY,GUY,AMR,Americas,YEAR,2018,,,,,,,,,3073,3073,,,,2025-12-19T14:38:23Z,2018,01/01/2018,31/12/2018,,
3083030,MALARIA_ACT_TREATED,COUNTRY,ECU,AMR,Americas,YEAR,2023,,,,,,,,,46,46,,,,2025-12-19T14:38:23Z,2023,01/01/2023,31/12/2023,,
3111015,MALARIA_ACT_TREATED,COUNTRY,GUY,AMR,Americas,YEAR,2022,,,,,,,,,8015,8015,,,,2025-12-19T14:38:23Z,2022,01/01/2022,31/12/2022,,
3144471,MALARIA_ACT_TREATED,COUNTRY,PRY,AMR,Americas,YEAR,2020,,,,,,,,,80,80,,,,2025-12-19T14:38:23Z,2020,01/01/2020,31/12/2020,,
3145121,MALARIA_ACT_TREATED,COUNTRY,BFA,AFR,Africa,YEAR,2021,,,,,,,,,11 030 942,11030942,,,,2025-12-19T14:38:23Z,2021,01/01/2021,31/12/2021,,
3147444,MALARIA_ACT_TREATED,COUNTRY,SOM,EMR,Eastern Mediterranean,YEAR,2022,,,,,,,,,11 550,11550,,,,2025-12-19T14:38:23Z,2022,01/01/2022,31/12/2022,,
3160005,MALARIA_ACT_TREATED,COUNTRY,COM,AFR,Africa,YEAR,2020,,,,,,,,,4546,4546,,,,2025-12-19T14:38:23Z,2020,01/01/2020,31/12/2020,,
3198827,MALARIA_ACT_TREATED,COUNTRY,GMB,AFR,Africa,YEAR,2020,,,,,,,,,72 300,72300,,,,2025-12-19T14:38:23Z,2020,01/01/2020,31/12/2020,,
3206509,MALARIA_ACT_TREATED,COUNTRY,PER,AMR,Americas,YEAR,2020,,,,,,,,,3198,3198,,,,2025-12-19T14:38:23Z,2020,01/01/2020,31/12/2020,,
3213547,MALARIA_ACT_TREATED,COUNTRY,HND,AMR,Americas,YEAR,2023,,,,,,,,,30,30,,,,2025-12-19T14:38:23Z,2023,01/01/2023,31/12/2023,,
3217205,MALARIA_ACT_TREATED,COUNTRY,NGA,AFR,Africa,YEAR,2020,,,,,,,,,19 902 369,19902369,,,,2025-12-19T14:38:23Z,2020,01/01/2020,31/12/2020,,
3232390,MALARIA_ACT_TREATED,COUNTRY,KHM,WPR,Western Pacific,YEAR,2018,,,,,,,,,60 067,60067,,,,2025-12-19T14:38:23Z,2018,01/01/2018,31/12/2018,,
3235813,MALARIA_ACT_TREATED,COUNTRY,PNG,WPR,Western Pacific,YEAR,2021,,,,,,,,,164 757,164757,,,,2025-12-19T14:38:23Z,2021,01/01/2021,31/12/2021,,
3277496,MALARIA_ACT_TREATED,COUNTRY,GIN,AFR,Africa,YEAR,2020,,,,,,,,,1 792 653,1792653,,,,2025-12-19T14:38:23Z,2020,01/01/2020,31/12/2020,,
3308935,MALARIA_ACT_TREATED,COUNTRY,BOL,AMR,Americas,YEAR,2020,,,,,,,,,12 093,12093,,,,2025-12-19T14:38:23Z,2020,01/01/2020,31/12/2020,,
3317317,MALARIA_ACT_TREATED,COUNTRY,BEN,AFR,Africa,YEAR,2023,,,,,,,,,1 907 605,1907605,,,,2025-12-19T14:38:23Z,2023,01/01/2023,31/12/2023,,
3366680,MALARIA_ACT_TREATED,COUNTRY,LAO,WPR,Western Pacific,YEAR,2019,,,,,,,,,6550,6550,,,,2025-12-19T14:38:23Z,2019,01/01/2019,31/12/2019,,
3376615,MALARIA_ACT_TREATED,COUNTRY,GIN,AFR,Africa,YEAR,2019,,,,,,,,,1 646 493,1646493,,,,2025-12-19T14:38:23Z,2019,01/01/2019,31/12/2019,,
3387572,MALARIA_ACT_TREATED,COUNTRY,CPV,AFR,Africa,YEAR,2019,,,,,,,,,40,40,,,,2025-12-19T14:38:23Z,2019,01/01/2019,31/12/2019,,
3405672,MALARIA_ACT_TREATED,COUNTRY,DOM,AMR,Americas,YEAR,2022,,,,,,,,,7,7,,,,2025-12-19T14:38:23Z,2022,01/01/2022,31/12/2022,,
3414542,MALARIA_ACT_TREATED,COUNTRY,GMB,AFR,Africa,YEAR,2019,,,,,,,,,53 385,53385,,,,2025-12-19T14:38:23Z,2019,01/01/2019,31/12/2019,,
3422283,MALARIA_ACT_TREATED,COUNTRY,GMB,AFR,Africa,YEAR,2023,,,,,,,,,118 584,118584,,,,2025-12-19T14:38:23Z,2023,01/01/2023,31/12/2023,,
3451377,MALARIA_ACT_TREATED,COUNTRY,MMR,SEAR,South-East Asia,YEAR,2018,,,,,,,,,53 056,53056,,,,2025-12-19T14:38:23Z,2018,01/01/2018,31/12/2018,,
3455585,MALARIA_ACT_TREATED,COUNTRY,PAN,AMR,Americas,YEAR,2021,,,,,,,,,0,0,,,,2025-12-19T14:38:23Z,2021,01/01/2021,31/12/2021,,
3465298,MALARIA_ACT_TREATED,COUNTRY,CIV,AFR,Africa,YEAR,2023,,,,,,,,,6 917 363,6917363,,,,2025-12-19T14:38:23Z,2023,01/01/2023,31/12/2023,,
3467305,MALARIA_ACT_TREATED,COUNTRY,NPL,SEAR,South-East Asia,YEAR,2023,,,,,,,,,150,150,,,,2025-12-19T14:38:23Z,2023,01/01/2023,31/12/2023,,
3476517,MALARIA_ACT_TREATED,COUNTRY,IND,SEAR,South-East Asia,YEAR,2024,,,,,,,,,153 472,153472,,,,2025-12-19T14:38:23Z,2024,01/01/2024,31/12/2024,,
3482481,MALARIA_ACT_TREATED,COUNTRY,RWA,AFR,Africa,YEAR,2022,,,,,,,,,822 300,822300,,,,2025-12-19T14:38:23Z,2022,01/01/2022,31/12/2022,,
3501642,MALARIA_ACT_TREATED,COUNTRY,BLZ,AMR,Americas,YEAR,2022,,,,,,,,,0,0,,,,2025-12-19T14:38:23Z,2022,01/01/2022,31/12/2022,,
3515938,MALARIA_ACT_TREATED,COUNTRY,LBR,AFR,Africa,YEAR,2020,,,,,,,,,621 695,621695,,,,2025-12-19T14:38:23Z,2020,01/01/2020,31/12/2020,,
3532858,MALARIA_ACT_TREATED,COUNTRY,BEN,AFR,Africa,YEAR,2022,,,,,,,,,3 060 466,3060466,,,,2025-12-19T14:38:23Z,2022,01/01/2022,31/12/2022,,
3536949,MALARIA_ACT_TREATED,COUNTRY,GIN,AFR,Africa,YEAR,2024,,,,,,,,,2 539 917,2539917,,,,2025-12-19T14:38:23Z,2024,01/01/2024,31/12/2024,,
3556908,MALARIA_ACT_TREATED,COUNTRY,PHL,WPR,Western Pacific,YEAR,2021,,,,,,,,,3735,3735,,,,2025-12-19T14:38:23Z,2021,01/01/2021,31/12/2021,,
3573158,MALARIA_ACT_TREATED,COUNTRY,GNB,AFR,Africa,YEAR,2019,,,,,,,,,140 478,140478,,,,2025-12-19T14:38:23Z,2019,01/01/2019,31/12/2019,,
3578668,MALARIA_ACT_TREATED,COUNTRY,COD,AFR,Africa,YEAR,2020,,,,,,,,,19 192 707,19192707,,,,2025-12-19T14:38:23Z,2020,01/01/2020,31/12/2020,,
3581870,MALARIA_ACT_TREATED,COUNTRY,CMR,AFR,Africa,YEAR,2019,,,,,,,,,1 157 011,1157011,,,,2025-12-19T14:38:23Z,2019,01/01/2019,31/12/2019,,
3589650,MALARIA_ACT_TREATED,COUNTRY,NAM,AFR,Africa,YEAR,2019,,,,,,,,,3404,3404,,,,2025-12-19T14:38:23Z,2019,01/01/2019,31/12/2019,,
3618582,MALARIA_ACT_TREATED,COUNTRY,STP,AFR,Africa,YEAR,2020,,,,,,,,,1772,1772,,,,2025-12-19T14:38:23Z,2020,01/01/2020,31/12/2020,,
3625335,MALARIA_ACT_TREATED,COUNTRY,LAO,WPR,Western Pacific,YEAR,2022,,,,,,,,,2323,2323,,,,2025-12-19T14:38:23Z,2022,01/01/2022,31/12/2022,,
3651280,MALARIA_ACT_TREATED,COUNTRY,PRY,AMR,Americas,YEAR,2022,,,,,,,,,3,3,,,,2025-12-19T14:38:23Z,2022,01/01/2022,31/12/2022,,
3655133,MALARIA_ACT_TREATED,COUNTRY,SSD,AFR,Africa,YEAR,2021,,,,,,,,,1 618 709,1618709,,,,2025-12-19T14:38:23Z,2021,01/01/2021,31/12/2021,,
3687445,MALARIA_ACT_TREATED,COUNTRY,VEN,AMR,Americas,YEAR,2024,,,,,,,,,5973,5973,,,,2025-12-19T14:38:23Z,2024,01/01/2024,31/12/2024,,
3731226,MALARIA_ACT_TREATED,COUNTRY,PNG,WPR,Western Pacific,YEAR,2020,,,,,,,,,750 254,750254,,,,2025-12-19T14:38:23Z,2020,01/01/2020,31/12/2020,,
3755352,MALARIA_ACT_TREATED,COUNTRY,BEN,AFR,Africa,YEAR,2021,,,,,,,,,2 985 960,2985960,,,,2025-12-19T14:38:23Z,2021,01/01/2021,31/12/2021,,
3757071,MALARIA_ACT_TREATED,COUNTRY,COD,AFR,Africa,YEAR,2022,,,,,,,,,23 153 840,23153839.62,,,,2025-12-19T14:38:23Z,2022,01/01/2022,31/12/2022,,
3759292,MALARIA_ACT_TREATED,COUNTRY,PHL,WPR,Western Pacific,YEAR,2024,,,,,,,,,8714,8714,,,,2025-12-19T14:38:23Z,2024,01/01/2024,31/12/2024,,
3762983,MALARIA_ACT_TREATED,COUNTRY,SAU,EMR,Eastern Mediterranean,YEAR,2020,,,,,,,,,3231,3231,,,,2025-12-19T14:38:23Z,2020,01/01/2020,31/12/2020,,
3774148,MALARIA_ACT_TREATED,COUNTRY,LAO,WPR,Western Pacific,YEAR,2020,,,,,,,,,3477,3477,,,,2025-12-19T14:38:23Z,2020,01/01/2020,31/12/2020,,
3788526,MALARIA_ACT_TREATED,COUNTRY,SEN,AFR,Africa,YEAR,2020,,,,,,,,,442 413,442413,,,,2025-12-19T14:38:23Z,2020,01/01/2020,31/12/2020,,
3790196,MALARIA_ACT_TREATED,COUNTRY,TZA,AFR,Africa,YEAR,2020,,,,,,,,,7 759 228,7759228,,,,2025-12-19T14:38:23Z,2020,01/01/2020,31/12/2020,,
3827299,MALARIA_ACT_TREATED,COUNTRY,CRI,AMR,Americas,YEAR,2023,,,,,,,,,6,6,,,,2025-12-19T14:38:23Z,2023,01/01/2023,31/12/2023,,
3853056,MALARIA_ACT_TREATED,COUNTRY,MEX,AMR,Americas,YEAR,2023,,,,,,,,,104,104,,,,2025-12-19T14:38:23Z,2023,01/01/2023,31/12/2023,,
3877928,MALARIA_ACT_TREATED,COUNTRY,BTN,SEAR,South-East Asia,YEAR,2017,,,,,,,,,10,10,,,,2025-12-19T14:38:23Z,2017,01/01/2017,31/12/2017,,
3892281,MALARIA_ACT_TREATED,COUNTRY,MMR,SEAR,South-East Asia,YEAR,2020,,,,,,,,,15 572,15572,,,,2025-12-19T14:38:23Z,2020,01/01/2020,31/12/2020,,
3897329,MALARIA_ACT_TREATED,COUNTRY,GHA,AFR,Africa,YEAR,2024,,,,,,,,,4 955 511,4955511,,,,2025-12-19T14:38:23Z,2024,01/01/2024,31/12/2024,,
3926731,MALARIA_ACT_TREATED,COUNTRY,BOL,AMR,Americas,YEAR,2017,,,,,,,,,6623,6623,,,,2025-12-19T14:38:23Z,2017,01/01/2017,31/12/2017,,
3955004,MALARIA_ACT_TREATED,COUNTRY,CRI,AMR,Americas,YEAR,2022,,,,,,,,,13,13,,,,2025-12-19T14:38:23Z,2022,01/01/2022,31/12/2022,,
3980599,MALARIA_ACT_TREATED,COUNTRY,PAK,EMR,Eastern Mediterranean,YEAR,2024,,,,,,,,,1 520 335,1520335,,,,2025-12-19T14:38:23Z,2024,01/01/2024,31/12/2024,,
3986786,MALARIA_ACT_TREATED,COUNTRY,GHA,AFR,Africa,YEAR,2023,,,,,,,,,5 470 051,5470051,,,,2025-12-19T14:38:23Z,2023,01/01/2023,31/12/2023,,
4001025,MALARIA_ACT_TREATED,COUNTRY,ZWE,AFR,Africa,YEAR,2020,,,,,,,,,443 164,443164,,,,2025-12-19T14:38:23Z,2020,01/01/2020,31/12/2020,,
4024065,MALARIA_ACT_TREATED,COUNTRY,TCD,AFR,Africa,YEAR,2024,,,,,,,,,2 401 588,2401588,,,,2025-12-19T14:38:23Z,2024,01/01/2024,31/12/2024,,
4029683,MALARIA_ACT_TREATED,COUNTRY,GTM,AMR,Americas,YEAR,2023,,,,,,,,,0,0,,,,2025-12-19T14:38:23Z,2023,01/01/2023,31/12/2023,,
4068366,MALARIA_ACT_TREATED,COUNTRY,DOM,AMR,Americas,YEAR,2024,,,,,,,,,3,3,,,,2025-12-19T14:38:23Z,2024,01/01/2024,31/12/2024,,
4199009,MALARIA_ACT_TREATED,COUNTRY,IDN,WPR,Western Pacific,YEAR,2021,,,,,,,,,299 148,299148,,,,2025-12-19T14:38:23Z,2021,01/01/2021,31/12/2021,,
4210016,MALARIA_ACT_TREATED,COUNTRY,LBR,AFR,Africa,YEAR,2017,,,,,,,,,1 093 312,1093312,,,,2025-12-19T14:38:23Z,2017,01/01/2017,31/12/2017,,
4258406,MALARIA_ACT_TREATED,COUNTRY,LAO,WPR,Western Pacific,YEAR,2024,,,,,,,,,342,342,,,,2025-12-19T14:38:23Z,2024,01/01/2024,31/12/2024,,
4266973,MALARIA_ACT_TREATED,COUNTRY,IRN,EMR,Eastern Mediterranean,YEAR,2019,,,,,,,,,158,158,,,,2025-12-19T14:38:23Z,2019,01/01/2019,31/12/2019,,
4323489,MALARIA_ACT_TREATED,COUNTRY,RWA,AFR,Africa,YEAR,2024,,,,,,,,,803 784,803784,,,,2025-12-19T14:38:23Z,2024,01/01/2024,31/12/2024,,
4323702,MALARIA_ACT_TREATED,COUNTRY,MWI,AFR,Africa,YEAR,2019,,,,,,,,,5 089 716,5089716,,,,2025-12-19T14:38:23Z,2019,01/01/2019,31/12/2019,,
4333601,MALARIA_ACT_TREATED,COUNTRY,LBR,AFR,Africa,YEAR,2019,,,,,,,,,732 322,732322,,,,2025-12-19T14:38:23Z,2019,01/01/2019,31/12/2019,,
4361175,MALARIA_ACT_TREATED,COUNTRY,PNG,WPR,Western Pacific,YEAR,2019,,,,,,,,,788 796,788796,,,,2025-12-19T14:38:23Z,2019,01/01/2019,31/12/2019,,
4362450,MALARIA_ACT_TREATED,COUNTRY,IDN,WPR,Western Pacific,YEAR,2020,,,,,,,,,241 181,241181,,,,2025-12-19T14:38:23Z,2020,01/01/2020,31/12/2020,,
4389353,MALARIA_ACT_TREATED,COUNTRY,NAM,AFR,Africa,YEAR,2024,,,,,,,,,15 965,15965,,,,2025-12-19T14:38:23Z,2024,01/01/2024,31/12/2024,,
4423472,MALARIA_ACT_TREATED,COUNTRY,SLE,AFR,Africa,YEAR,2024,,,,,,,,,1 883 754,1883754,,,,2025-12-19T14:38:23Z,2024,01/01/2024,31/12/2024,,
4478115,MALARIA_ACT_TREATED,COUNTRY,SLE,AFR,Africa,YEAR,2019,,,,,,,,,2 404 286,2404286,,,,2025-12-19T14:38:23Z,2019,01/01/2019,31/12/2019,,
4478780,MALARIA_ACT_TREATED,COUNTRY,ETH,AFR,Africa,YEAR,2021,,,,,,,,,1 126 731,1126731,,,,2025-12-19T14:38:23Z,2021,01/01/2021,31/12/2021,,
4497776,MALARIA_ACT_TREATED,COUNTRY,DJI,EMR,Eastern Mediterranean,YEAR,2019,,,,,,,,,47 691,47691,,,,2025-12-19T14:38:23Z,2019,01/01/2019,31/12/2019,,
4508938,MALARIA_ACT_TREATED,COUNTRY,ZAF,AFR,Africa,YEAR,2019,,,,,,,,,13 833,13833,,,,2025-12-19T14:38:23Z,2019,01/01/2019,31/12/2019,,
4518923,MALARIA_ACT_TREATED,COUNTRY,SEN,AFR,Africa,YEAR,2021,,,,,,,,,520 738,520738,,,,2025-12-19T14:38:23Z,2021,01/01/2021,31/12/2021,,
4523688,MALARIA_ACT_TREATED,COUNTRY,CIV,AFR,Africa,YEAR,2024,,,,,,,,,9 340 101,9340101,,,,2025-12-19T14:38:23Z,2024,01/01/2024,31/12/2024,,
4528827,MALARIA_ACT_TREATED,COUNTRY,BDI,AFR,Africa,YEAR,2022,,,,,,,,,6 768 576,6768576,,,,2025-12-19T14:38:23Z,2022,01/01/2022,31/12/2022,,
4543176,MALARIA_ACT_TREATED,COUNTRY,ERI,AFR,Africa,YEAR,2020,,,,,,,,,73 419,73419,,,,2025-12-19T14:38:23Z,2020,01/01/2020,31/12/2020,,
4553998,MALARIA_ACT_TREATED,COUNTRY,VEN,AMR,Americas,YEAR,2021,,,,,,,,,32 582,32582,,,,2025-12-19T14:38:23Z,2021,01/01/2021,31/12/2021,,
4557799,MALARIA_ACT_TREATED,COUNTRY,RWA,AFR,Africa,YEAR,2020,,,,,,,,,1 048 450,1048450,,,,2025-12-19T14:38:23Z,2020,01/01/2020,31/12/2020,,
4672977,MALARIA_ACT_TREATED,COUNTRY,AFG,EMR,Eastern Mediterranean,YEAR,2018,,,,,,,,,31 114,31114,,,,2025-12-19T14:38:23Z,2018,01/01/2018,31/12/2018,,
4674052,MALARIA_ACT_TREATED,COUNTRY,BRA,AMR,Americas,YEAR,2019,,,,,,,,,74 360,74360,,,,2025-12-19T14:38:23Z,2019,01/01/2019,31/12/2019,,
4711703,MALARIA_ACT_TREATED,COUNTRY,COG,AFR,Africa,YEAR,2024,,,,,,,,,550 997,550997,,,,2025-12-19T14:38:23Z,2024,01/01/2024,31/12/2024,,
4766597,MALARIA_ACT_TREATED,COUNTRY,PHL,WPR,Western Pacific,YEAR,2022,,,,,,,,,3150,3150,,,,2025-12-19T14:38:23Z,2022,01/01/2022,31/12/2022,,
4771150,MALARIA_ACT_TREATED,COUNTRY,GTM,AMR,Americas,YEAR,2022,,,,,,,,,32,32,,,,2025-12-19T14:38:23Z,2022,01/01/2022,31/12/2022,,
4820361,MALARIA_ACT_TREATED,COUNTRY,UGA,AFR,Africa,YEAR,2021,,,,,,,,,14 772 475,14772475,,,,2025-12-19T14:38:23Z,2021,01/01/2021,31/12/2021,,
4841916,MALARIA_ACT_TREATED,COUNTRY,SUR,AMR,Americas,YEAR,2020,,,,,,,,,127,127,,,,2025-12-19T14:38:23Z,2020,01/01/2020,31/12/2020,,
4851327,MALARIA_ACT_TREATED,COUNTRY,UGA,AFR,Africa,YEAR,2023,,,,,,,,,14 581 251,14581251,,,,2025-12-19T14:38:23Z,2023,01/01/2023,31/12/2023,,
4889946,MALARIA_ACT_TREATED,COUNTRY,CMR,AFR,Africa,YEAR,2020,,,,,,,,,1 122 865,1122865,,,,2025-12-19T14:38:23Z,2020,01/01/2020,31/12/2020,,
4895954,MALARIA_ACT_TREATED,COUNTRY,SLE,AFR,Africa,YEAR,2022,,,,,,,,,3 205 820,3205820,,,,2025-12-19T14:38:23Z,2022,01/01/2022,31/12/2022,,
4902119,MALARIA_ACT_TREATED,COUNTRY,RWA,AFR,Africa,YEAR,2023,,,,,,,,,548 518,548518,,,,2025-12-19T14:38:23Z,2023,01/01/2023,31/12/2023,,
4904640,MALARIA_ACT_TREATED,COUNTRY,NGA,AFR,Africa,YEAR,2024,,,,,,,,,22 986 986,22986986,,,,2025-12-19T14:38:23Z,2024,01/01/2024,31/12/2024,,
4906786,MALARIA_ACT_TREATED,COUNTRY,BWA,AFR,Africa,YEAR,2019,,,,,,,,,272,272,,,,2025-12-19T14:38:23Z,2019,01/01/2019,31/12/2019,,
4955124,MALARIA_ACT_TREATED,COUNTRY,MYT,AFR,Africa,YEAR,2023,,,,,,,,,38,38,,,,2025-12-19T14:38:23Z,2023,01/01/2023,31/12/2023,,
4996232,MALARIA_ACT_TREATED,COUNTRY,GIN,AFR,Africa,YEAR,2023,,,,,,,,,4 016 785,4016785,,,,2025-12-19T14:38:23Z,2023,01/01/2023,31/12/2023,,
5015959,MALARIA_ACT_TREATED,COUNTRY,SEN,AFR,Africa,YEAR,2018,,,,,,,,,520 898,520898,,,,2025-12-19T14:38:23Z,2018,01/01/2018,31/12/2018,,
5074587,MALARIA_ACT_TREATED,COUNTRY,TLS,SEAR,South-East Asia,YEAR,2021,,,,,,,,,0,0,,,,2025-12-19T14:38:23Z,2021,01/01/2021,31/12/2021,,
5080461,MALARIA_ACT_TREATED,COUNTRY,KEN,AFR,Africa,YEAR,2020,,,,,,,,,5 899 605,5899605,,,,2025-12-19T14:38:23Z,2020,01/01/2020,31/12/2020,,
5118278,MALARIA_ACT_TREATED,COUNTRY,VUT,WPR,Western Pacific,YEAR,2024,,,,,,,,,1582,1582,,,,2025-12-19T14:38:23Z,2024,01/01/2024,31/12/2024,,
5119852,MALARIA_ACT_TREATED,COUNTRY,TCD,AFR,Africa,YEAR,2019,,,,,,,,,1 595 351,1595351,,,,2025-12-19T14:38:23Z,2019,01/01/2019,31/12/2019,,
5124752,MALARIA_ACT_TREATED,COUNTRY,CMR,AFR,Africa,YEAR,2024,,,,,,,,,1 701 414,1701414,,,,2025-12-19T14:38:23Z,2024,01/01/2024,31/12/2024,,
5186684,MALARIA_ACT_TREATED,COUNTRY,GNB,AFR,Africa,YEAR,2024,,,,,,,,,87 348,87348,,,,2025-12-19T14:38:23Z,2024,01/01/2024,31/12/2024,,
5200103,MALARIA_ACT_TREATED,COUNTRY,TZA,AFR,Africa,YEAR,2024,,,,,,,,,3 169 245,3169245,,,,2025-12-19T14:38:23Z,2024,01/01/2024,31/12/2024,,
5210870,MALARIA_ACT_TREATED,COUNTRY,GAB,AFR,Africa,YEAR,2024,,,,,,,,,113 634,113634,,,,2025-12-19T14:38:23Z,2024,01/01/2024,31/12/2024,,
5227299,MALARIA_ACT_TREATED,COUNTRY,BRA,AMR,Americas,YEAR,2021,,,,,,,,,34 952,34952,,,,2025-12-19T14:38:23Z,2021,01/01/2021,31/12/2021,,
5269940,MALARIA_ACT_TREATED,COUNTRY,PAK,EMR,Eastern Mediterranean,YEAR,2021,,,,,,,,,87 825,87825,,,,2025-12-19T14:38:23Z,2021,01/01/2021,31/12/2021,,
5294991,MALARIA_ACT_TREATED,COUNTRY,SWZ,AFR,Africa,YEAR,2020,,,,,,,,,316,316,,,,2025-12-19T14:38:23Z,2020,01/01/2020,31/12/2020,,
5296360,MALARIA_ACT_TREATED,COUNTRY,PAN,AMR,Americas,YEAR,2020,,,,,,,,,5,5,,,,2025-12-19T14:38:23Z,2020,01/01/2020,31/12/2020,,
5318241,MALARIA_ACT_TREATED,COUNTRY,SLB,WPR,Western Pacific,YEAR,2022,,,,,,,,,121 656,121656,,,,2025-12-19T14:38:23Z,2022,01/01/2022,31/12/2022,,
5349828,MALARIA_ACT_TREATED,COUNTRY,NIC,AMR,Americas,YEAR,2024,,,,,,,,,185,185,,,,2025-12-19T14:38:23Z,2024,01/01/2024,31/12/2024,,
5388202,MALARIA_ACT_TREATED,COUNTRY,GAB,AFR,Africa,YEAR,2019,,,,,,,,,117 126,117126,,,,2025-12-19T14:38:23Z,2019,01/01/2019,31/12/2019,,
5413103,MALARIA_ACT_TREATED,COUNTRY,THA,SEAR,South-East Asia,YEAR,2023,,,,,,,,,585,585,,,,2025-12-19T14:38:23Z,2023,01/01/2023,31/12/2023,,
5414214,MALARIA_ACT_TREATED,COUNTRY,VEN,AMR,Americas,YEAR,2023,,,,,,,,,23 416,23416,,,,2025-12-19T14:38:23Z,2023,01/01/2023,31/12/2023,,
5418967,MALARIA_ACT_TREATED,COUNTRY,NPL,SEAR,South-East Asia,YEAR,2020,,,,,,,,,39,39,,,,2025-12-19T14:38:23Z,2020,01/01/2020,31/12/2020,,
5430793,MALARIA_ACT_TREATED,COUNTRY,SSD,AFR,Africa,YEAR,2018,,,,,,,,,76 328,76328,,,,2025-12-19T14:38:23Z,2018,01/01/2018,31/12/2018,,
5460026,MALARIA_ACT_TREATED,COUNTRY,LBR,AFR,Africa,YEAR,2022,,,,,,,,,555 691,555691,,,,2025-12-19T14:38:23Z,2022,01/01/2022,31/12/2022,,
5468180,MALARIA_ACT_TREATED,COUNTRY,BDI,AFR,Africa,YEAR,2020,,,,,,,,,4 289 288,4289288,,,,2025-12-19T14:38:23Z,2020,01/01/2020,31/12/2020,,
5475813,MALARIA_ACT_TREATED,COUNTRY,BWA,AFR,Africa,YEAR,2022,,,,,,,,,86,86,,,,2025-12-19T14:38:23Z,2022,01/01/2022,31/12/2022,,
5503983,MALARIA_ACT_TREATED,COUNTRY,NGA,AFR,Africa,YEAR,2023,,,,,,,,,24 810 663,24810663,,,,2025-12-19T14:38:23Z,2023,01/01/2023,31/12/2023,,
5517285,MALARIA_ACT_TREATED,COUNTRY,ECU,AMR,Americas,YEAR,2021,,,,,,,,,499,499,,,,2025-12-19T14:38:23Z,2021,01/01/2021,31/12/2021,,
5575661,MALARIA_ACT_TREATED,COUNTRY,NIC,AMR,Americas,YEAR,2021,,,,,,,,,1521,1521,,,,2025-12-19T14:38:23Z,2021,01/01/2021,31/12/2021,,
5583469,MALARIA_ACT_TREATED,COUNTRY,BEN,AFR,Africa,YEAR,2024,,,,,,,,,1 589 222,1589222,,,,2025-12-19T14:38:23Z,2024,01/01/2024,31/12/2024,,
5600614,MALARIA_ACT_TREATED,COUNTRY,SDN,EMR,Eastern Mediterranean,YEAR,2022,,,,,,,,,3 819 140,3819140,,,,2025-12-19T14:38:23Z,2022,01/01/2022,31/12/2022,,
5610063,MALARIA_ACT_TREATED,COUNTRY,AFG,EMR,Eastern Mediterranean,YEAR,2020,,,,,,,,,100 136,100136,,,,2025-12-19T14:38:23Z,2020,01/01/2020,31/12/2020,,
5617478,MALARIA_ACT_TREATED,COUNTRY,NER,AFR,Africa,YEAR,2021,,,,,,,,,3 349 226,3349226,,,,2025-12-19T14:38:23Z,2021,01/01/2021,31/12/2021,,
5650382,MALARIA_ACT_TREATED,COUNTRY,MWI,AFR,Africa,YEAR,2020,,,,,,,,,7 095 977,7095977,,,,2025-12-19T14:38:23Z,2020,01/01/2020,31/12/2020,,
5668415,MALARIA_ACT_TREATED,COUNTRY,CIV,AFR,Africa,YEAR,2018,,,,,,,,,4 871 874,4871874,,,,2025-12-19T14:38:23Z,2018,01/01/2018,31/12/2018,,
5673446,MALARIA_ACT_TREATED,COUNTRY,IDN,WPR,Western Pacific,YEAR,2019,,,,,,,,,234 381,234381,,,,2025-12-19T14:38:23Z,2019,01/01/2019,31/12/2019,,
5679496,MALARIA_ACT_TREATED,COUNTRY,MDG,AFR,Africa,YEAR,2024,,,,,,,,,3 659 408,3659408,,,,2025-12-19T14:38:23Z,2024,01/01/2024,31/12/2024,,
5684610,MALARIA_ACT_TREATED,COUNTRY,GUY,AMR,Americas,YEAR,2021,,,,,,,,,14 010,14010,,,,2025-12-19T14:38:23Z,2021,01/01/2021,31/12/2021,,
5686788,MALARIA_ACT_TREATED,COUNTRY,IRN,EMR,Eastern Mediterranean,YEAR,2023,,,,,,,,,3997,3997,,,,2025-12-19T14:38:23Z,2023,01/01/2023,31/12/2023,,
5709780,MALARIA_ACT_TREATED,COUNTRY,DOM,AMR,Americas,YEAR,2021,,,,,,,,,3,3,,,,2025-12-19T14:38:23Z,2021,01/01/2021,31/12/2021,,
5729992,MALARIA_ACT_TREATED,COUNTRY,PRY,AMR,Americas,YEAR,2021,,,,,,,,,10,10,,,,2025-12-19T14:38:23Z,2021,01/01/2021,31/12/2021,,
5754689,MALARIA_ACT_TREATED,COUNTRY,TLS,SEAR,South-East Asia,YEAR,2018,,,,,,,,,8,8,,,,2025-12-19T14:38:23Z,2018,01/01/2018,31/12/2018,,
5770847,MALARIA_ACT_TREATED,COUNTRY,NIC,AMR,Americas,YEAR,2022,,,,,,,,,1231,1231,,,,2025-12-19T14:38:23Z,2022,01/01/2022,31/12/2022,,
5783294,MALARIA_ACT_TREATED,COUNTRY,MEX,AMR,Americas,YEAR,2019,,,,,,,,,12,12,,,,2025-12-19T14:38:23Z,2019,01/01/2019,31/12/2019,,
5787652,MALARIA_ACT_TREATED,COUNTRY,BWA,AFR,Africa,YEAR,2018,,,,,,,,,451,451,,,,2025-12-19T14:38:23Z,2018,01/01/2018,31/12/2018,,
5807564,MALARIA_ACT_TREATED,COUNTRY,CIV,AFR,Africa,YEAR,2021,,,,,,,,,6 234 917,6234917,,,,2025-12-19T14:38:23Z,2021,01/01/2021,31/12/2021,,
5849062,MALARIA_ACT_TREATED,COUNTRY,STP,AFR,Africa,YEAR,2022,,,,,,,,,3979,3979,,,,2025-12-19T14:38:23Z,2022,01/01/2022,31/12/2022,,
5858469,MALARIA_ACT_TREATED,COUNTRY,GUY,AMR,Americas,YEAR,2020,,,,,,,,,13 980,13980,,,,2025-12-19T14:38:23Z,2020,01/01/2020,31/12/2020,,
5875825,MALARIA_ACT_TREATED,COUNTRY,MMR,SEAR,South-East Asia,YEAR,2022,,,,,,,,,30 573,30573,,,,2025-12-19T14:38:23Z,2022,01/01/2022,31/12/2022,,
5879529,MALARIA_ACT_TREATED,COUNTRY,BLZ,AMR,Americas,YEAR,2020,,,,,,,,,0,0,,,,2025-12-19T14:38:23Z,2020,01/01/2020,31/12/2020,,
5880161,MALARIA_ACT_TREATED,COUNTRY,GNB,AFR,Africa,YEAR,2021,,,,,,,,,176 172,176172,,,,2025-12-19T14:38:23Z,2021,01/01/2021,31/12/2021,,
5899914,MALARIA_ACT_TREATED,COUNTRY,ZWE,AFR,Africa,YEAR,2024,,,,,,,,,55 290,55290,,,,2025-12-19T14:38:23Z,2024,01/01/2024,31/12/2024,,
5925123,MALARIA_ACT_TREATED,COUNTRY,MMR,SEAR,South-East Asia,YEAR,2024,,,,,,,,,18 290,18290,,,,2025-12-19T14:38:23Z,2024,01/01/2024,31/12/2024,,
5989016,MALARIA_ACT_TREATED,COUNTRY,BGD,SEAR,South-East Asia,YEAR,2019,,,,,,,,,15 099,15099,,,,2025-12-19T14:38:23Z,2019,01/01/2019,31/12/2019,,
6012372,MALARIA_ACT_TREATED,COUNTRY,SUR,AMR,Americas,YEAR,2019,,,,,,,,,202,202,,,,2025-12-19T14:38:23Z,2019,01/01/2019,31/12/2019,,
6040898,MALARIA_ACT_TREATED,COUNTRY,NIC,AMR,Americas,YEAR,2019,,,,,,,,,57,57,,,,2025-12-19T14:38:23Z,2019,01/01/2019,31/12/2019,,
6042112,MALARIA_ACT_TREATED,COUNTRY,AGO,AFR,Africa,YEAR,2020,,,,,,,,,5 797 209,5797209,,,,2025-12-19T14:38:23Z,2020,01/01/2020,31/12/2020,,
6064969,MALARIA_ACT_TREATED,COUNTRY,NGA,AFR,Africa,YEAR,2021,,,,,,,,,22 634 148,22634148,,,,2025-12-19T14:38:23Z,2021,01/01/2021,31/12/2021,,
6067767,MALARIA_ACT_TREATED,COUNTRY,BOL,AMR,Americas,YEAR,2022,,,,,,,,,646,646,,,,2025-12-19T14:38:23Z,2022,01/01/2022,31/12/2022,,
6112920,MALARIA_ACT_TREATED,COUNTRY,MDG,AFR,Africa,YEAR,2023,,,,,,,,,2 689 480,2689480,,,,2025-12-19T14:38:23Z,2023,01/01/2023,31/12/2023,,
6114930,MALARIA_ACT_TREATED,COUNTRY,NER,AFR,Africa,YEAR,2019,,,,,,,,,3 015 081,3015081,,,,2025-12-19T14:38:23Z,2019,01/01/2019,31/12/2019,,
6148996,MALARIA_ACT_TREATED,COUNTRY,ECU,AMR,Americas,YEAR,2019,,,,,,,,,265,265,,,,2025-12-19T14:38:23Z,2019,01/01/2019,31/12/2019,,
6152386,MALARIA_ACT_TREATED,COUNTRY,ZMB,AFR,Africa,YEAR,2022,,,,,,,,,5 899 632,5899632,,,,2025-12-19T14:38:23Z,2022,01/01/2022,31/12/2022,,
6174382,MALARIA_ACT_TREATED,COUNTRY,CMR,AFR,Africa,YEAR,2022,,,,,,,,,1 878 449,1878449,,,,2025-12-19T14:38:23Z,2022,01/01/2022,31/12/2022,,
6209753,MALARIA_ACT_TREATED,COUNTRY,IDN,WPR,Western Pacific,YEAR,2024,,,,,,,,,515 585,515585,,,,2025-12-19T14:38:23Z,2024,01/01/2024,31/12/2024,,
6234288,MALARIA_ACT_TREATED,COUNTRY,GIN,AFR,Africa,YEAR,2022,,,,,,,,,2 118 957,2118957,,,,2025-12-19T14:38:23Z,2022,01/01/2022,31/12/2022,,
6241353,MALARIA_ACT_TREATED,COUNTRY,LAO,WPR,Western Pacific,YEAR,2021,,,,,,,,,3870,3870,,,,2025-12-19T14:38:23Z,2021,01/01/2021,31/12/2021,,
6244666,MALARIA_ACT_TREATED,COUNTRY,AFG,EMR,Eastern Mediterranean,YEAR,2019,,,,,,,,,118 145,118145,,,,2025-12-19T14:38:23Z,2019,01/01/2019,31/12/2019,,
6301660,MALARIA_ACT_TREATED,COUNTRY,NIC,AMR,Americas,YEAR,2020,,,,,,,,,702,702,,,,2025-12-19T14:38:23Z,2020,01/01/2020,31/12/2020,,
6365470,MALARIA_ACT_TREATED,COUNTRY,NPL,SEAR,South-East Asia,YEAR,2018,,,,,,,,,1194,1194,,,,2025-12-19T14:38:23Z,2018,01/01/2018,31/12/2018,,
6392185,MALARIA_ACT_TREATED,COUNTRY,CIV,AFR,Africa,YEAR,2020,,,,,,,,,4 365 387,4365387,,,,2025-12-19T14:38:23Z,2020,01/01/2020,31/12/2020,,
6394890,MALARIA_ACT_TREATED,COUNTRY,TLS,SEAR,South-East Asia,YEAR,2022,,,,,,,,,2,2,,,,2025-12-19T14:38:23Z,2022,01/01/2022,31/12/2022,,
6448196,MALARIA_ACT_TREATED,COUNTRY,BGD,SEAR,South-East Asia,YEAR,2021,,,,,,,,,5340,5340,,,,2025-12-19T14:38:23Z,2021,01/01/2021,31/12/2021,,
6463747,MALARIA_ACT_TREATED,COUNTRY,NGA,AFR,Africa,YEAR,2018,,,,,,,,,15 853 741,15853741,,,,2025-12-19T14:38:23Z,2018,01/01/2018,31/12/2018,,
6489311,MALARIA_ACT_TREATED,COUNTRY,SWZ,AFR,Africa,YEAR,2023,,,,,,,,,641,641,,,,2025-12-19T14:38:23Z,2023,01/01/2023,31/12/2023,,
6541164,MALARIA_ACT_TREATED,COUNTRY,IRN,EMR,Eastern Mediterranean,YEAR,2020,,,,,,,,,126,126,,,,2025-12-19T14:38:23Z,2020,01/01/2020,31/12/2020,,
6542835,MALARIA_ACT_TREATED,COUNTRY,BDI,AFR,Africa,YEAR,2021,,,,,,,,,5 693 645,5693645,,,,2025-12-19T14:38:23Z,2021,01/01/2021,31/12/2021,,
6565940,MALARIA_ACT_TREATED,COUNTRY,CPV,AFR,Africa,YEAR,2020,,,,,,,,,10,10,,,,2025-12-19T14:38:23Z,2020,01/01/2020,31/12/2020,,
6577241,MALARIA_ACT_TREATED,COUNTRY,BEN,AFR,Africa,YEAR,2020,,,,,,,,,2 095 303,2095303,,,,2025-12-19T14:38:23Z,2020,01/01/2020,31/12/2020,,
6604003,MALARIA_ACT_TREATED,COUNTRY,COD,AFR,Africa,YEAR,2023,,,,,,,,,25 243 535,25243535.46,,,,2025-12-19T14:38:23Z,2023,01/01/2023,31/12/2023,,
6604317,MALARIA_ACT_TREATED,COUNTRY,MLI,AFR,Africa,YEAR,2022,,,,,,,,,2 446 785,2446785,,,,2025-12-19T14:38:23Z,2022,01/01/2022,31/12/2022,,
6612067,MALARIA_ACT_TREATED,COUNTRY,CAF,AFR,Africa,YEAR,2019,,,,,,,,,2 602 171,2602171,,,,2025-12-19T14:38:23Z,2019,01/01/2019,31/12/2019,,
6660918,MALARIA_ACT_TREATED,COUNTRY,THA,SEAR,South-East Asia,YEAR,2020,,,,,,,,,175,175,,,,2025-12-19T14:38:23Z,2020,01/01/2020,31/12/2020,,
6678965,MALARIA_ACT_TREATED,COUNTRY,GIN,AFR,Africa,YEAR,2021,,,,,,,,,2 358 447,2358447,,,,2025-12-19T14:38:23Z,2021,01/01/2021,31/12/2021,,
6687699,MALARIA_ACT_TREATED,COUNTRY,COL,AMR,Americas,YEAR,2024,,,,,,,,,45 186,45186,,,,2025-12-19T14:38:23Z,2024,01/01/2024,31/12/2024,,
6708560,MALARIA_ACT_TREATED,COUNTRY,MOZ,AFR,Africa,YEAR,2019,,,,,,,,,10 742 632,10742632,,,,2025-12-19T14:38:23Z,2019,01/01/2019,31/12/2019,,
6722139,MALARIA_ACT_TREATED,COUNTRY,PAK,EMR,Eastern Mediterranean,YEAR,2023,,,,,,,,,279 015,279014.9401,,,,2025-12-19T14:38:23Z,2023,01/01/2023,31/12/2023,,
6812409,MALARIA_ACT_TREATED,COUNTRY,PNG,WPR,Western Pacific,YEAR,2024,,,,,,,,,910 559,910559,,,,2025-12-19T14:38:23Z,2024,01/01/2024,31/12/2024,,
6817463,MALARIA_ACT_TREATED,COUNTRY,TGO,AFR,Africa,YEAR,2024,,,,,,,,,2 087 377,2087377,,,,2025-12-19T14:38:23Z,2024,01/01/2024,31/12/2024,,
6825763,MALARIA_ACT_TREATED,COUNTRY,AFG,EMR,Eastern Mediterranean,YEAR,2022,,,,,,,,,120 424,120424,,,,2025-12-19T14:38:23Z,2022,01/01/2022,31/12/2022,,
6826931,MALARIA_ACT_TREATED,COUNTRY,SWZ,AFR,Africa,YEAR,2018,,,,,,,,,615,615,,,,2025-12-19T14:38:23Z,2018,01/01/2018,31/12/2018,,
6830933,MALARIA_ACT_TREATED,COUNTRY,COG,AFR,Africa,YEAR,2019,,,,,,,,,233 389,233389,,,,2025-12-19T14:38:23Z,2019,01/01/2019,31/12/2019,,
6858104,MALARIA_ACT_TREATED,COUNTRY,GHA,AFR,Africa,YEAR,2019,,,,,,,,,6 164 160,6164160,,,,2025-12-19T14:38:23Z,2019,01/01/2019,31/12/2019,,
6868771,MALARIA_ACT_TREATED,COUNTRY,BTN,SEAR,South-East Asia,YEAR,2021,,,,,,,,,5,5,,,,2025-12-19T14:38:23Z,2021,01/01/2021,31/12/2021,,
6912567,MALARIA_ACT_TREATED,COUNTRY,SLB,WPR,Western Pacific,YEAR,2019,,,,,,,,,83 364,83364,,,,2025-12-19T14:38:23Z,2019,01/01/2019,31/12/2019,,
6936835,MALARIA_ACT_TREATED,COUNTRY,UGA,AFR,Africa,YEAR,2022,,,,,,,,,17 895 617,17895617,,,,2025-12-19T14:38:23Z,2022,01/01/2022,31/12/2022,,
6999464,MALARIA_ACT_TREATED,COUNTRY,AGO,AFR,Africa,YEAR,2022,,,,,,,,,7 858 802,7858802,,,,2025-12-19T14:38:23Z,2022,01/01/2022,31/12/2022,,
7029198,MALARIA_ACT_TREATED,COUNTRY,SLE,AFR,Africa,YEAR,2018,,,,,,,,,2 288 125,2288125,,,,2025-12-19T14:38:23Z,2018,01/01/2018,31/12/2018,,
7077556,MALARIA_ACT_TREATED,COUNTRY,SSD,AFR,Africa,YEAR,2020,,,,,,,,,822 563,822563,,,,2025-12-19T14:38:23Z,2020,01/01/2020,31/12/2020,,
7083377,MALARIA_ACT_TREATED,COUNTRY,COM,AFR,Africa,YEAR,2021,,,,,,,,,10 547,10547,,,,2025-12-19T14:38:23Z,2021,01/01/2021,31/12/2021,,
7084328,MALARIA_ACT_TREATED,COUNTRY,VNM,WPR,Western Pacific,YEAR,2019,,,,,,,,,3134,3134,,,,2025-12-19T14:38:23Z,2019,01/01/2019,31/12/2019,,
7110641,MALARIA_ACT_TREATED,COUNTRY,BOL,AMR,Americas,YEAR,2016,,,,,,,,,5553,5553,,,,2025-12-19T14:38:23Z,2016,01/01/2016,31/12/2016,,
7118432,MALARIA_ACT_TREATED,COUNTRY,CMR,AFR,Africa,YEAR,2021,,,,,,,,,1 359 417,1359417,,,,2025-12-19T14:38:23Z,2021,01/01/2021,31/12/2021,,
7141296,MALARIA_ACT_TREATED,COUNTRY,TCD,AFR,Africa,YEAR,2018,,,,,,,,,1 231 431,1231431,,,,2025-12-19T14:38:23Z,2018,01/01/2018,31/12/2018,,
7153627,MALARIA_ACT_TREATED,COUNTRY,SLE,AFR,Africa,YEAR,2023,,,,,,,,,2 183 438,2183438,,,,2025-12-19T14:38:23Z,2023,01/01/2023,31/12/2023,,
7186573,MALARIA_ACT_TREATED,COUNTRY,GUY,AMR,Americas,YEAR,2019,,,,,,,,,7052,7052,,,,2025-12-19T14:38:23Z,2019,01/01/2019,31/12/2019,,
7208867,MALARIA_ACT_TREATED,COUNTRY,GMB,AFR,Africa,YEAR,2021,,,,,,,,,72 247,72247,,,,2025-12-19T14:38:23Z,2021,01/01/2021,31/12/2021,,
7210560,MALARIA_ACT_TREATED,COUNTRY,MYS,WPR,Western Pacific,YEAR,2021,,,,,,,,,3663,3663,,,,2025-12-19T14:38:23Z,2021,01/01/2021,31/12/2021,,
7253106,MALARIA_ACT_TREATED,COUNTRY,NPL,SEAR,South-East Asia,YEAR,2024,,,,,,,,,264,264,,,,2025-12-19T14:38:23Z,2024,01/01/2024,31/12/2024,,
7275596,MALARIA_ACT_TREATED,COUNTRY,MDG,AFR,Africa,YEAR,2022,,,,,,,,,1 612 781,1612781,,,,2025-12-19T14:38:23Z,2022,01/01/2022,31/12/2022,,
7281462,MALARIA_ACT_TREATED,COUNTRY,HND,AMR,Americas,YEAR,2022,,,,,,,,,0,0,,,,2025-12-19T14:38:23Z,2022,01/01/2022,31/12/2022,,
7287185,MALARIA_ACT_TREATED,COUNTRY,BFA,AFR,Africa,YEAR,2022,,,,,,,,,10 693 078,10693078,,,,2025-12-19T14:38:23Z,2022,01/01/2022,31/12/2022,,
7289521,MALARIA_ACT_TREATED,COUNTRY,PNG,WPR,Western Pacific,YEAR,2022,,,,,,,,,899 510,899510,,,,2025-12-19T14:38:23Z,2022,01/01/2022,31/12/2022,,
7299732,MALARIA_ACT_TREATED,COUNTRY,TLS,SEAR,South-East Asia,YEAR,2023,,,,,,,,,9,9,,,,2025-12-19T14:38:23Z,2023,01/01/2023,31/12/2023,,
7326423,MALARIA_ACT_TREATED,COUNTRY,COG,AFR,Africa,YEAR,2023,,,,,,,,,467 977,467977,,,,2025-12-19T14:38:23Z,2023,01/01/2023,31/12/2023,,
7376905,MALARIA_ACT_TREATED,COUNTRY,VUT,WPR,Western Pacific,YEAR,2023,,,,,,,,,2227,2227,,,,2025-12-19T14:38:23Z,2023,01/01/2023,31/12/2023,,
7387376,MALARIA_ACT_TREATED,COUNTRY,MOZ,AFR,Africa,YEAR,2021,,,,,,,,,9 979 416,9979416,,,,2025-12-19T14:38:23Z,2021,01/01/2021,31/12/2021,,
7387704,MALARIA_ACT_TREATED,COUNTRY,ETH,AFR,Africa,YEAR,2023,,,,,,,,,3 464 072,3464071.729,,,,2025-12-19T14:38:23Z,2023,01/01/2023,31/12/2023,,
7409760,MALARIA_ACT_TREATED,COUNTRY,VUT,WPR,Western Pacific,YEAR,2021,,,,,,,,,304,304,,,,2025-12-19T14:38:23Z,2021,01/01/2021,31/12/2021,,
7427354,MALARIA_ACT_TREATED,COUNTRY,BWA,AFR,Africa,YEAR,2020,,,,,,,,,953,953,,,,2025-12-19T14:38:23Z,2020,01/01/2020,31/12/2020,,
7444936,MALARIA_ACT_TREATED,COUNTRY,SLV,AMR,Americas,YEAR,2023,,,,,,,,,0,0,,,,2025-12-19T14:38:23Z,2023,01/01/2023,31/12/2023,,
7463669,MALARIA_ACT_TREATED,COUNTRY,BTN,SEAR,South-East Asia,YEAR,2019,,,,,,,,,11,11,,,,2025-12-19T14:38:23Z,2019,01/01/2019,31/12/2019,,
7495917,MALARIA_ACT_TREATED,COUNTRY,COM,AFR,Africa,YEAR,2019,,,,,,,,,11 593,11593,,,,2025-12-19T14:38:23Z,2019,01/01/2019,31/12/2019,,
7496989,MALARIA_ACT_TREATED,COUNTRY,KHM,WPR,Western Pacific,YEAR,2021,,,,,,,,,4270,4270,,,,2025-12-19T14:38:23Z,2021,01/01/2021,31/12/2021,,
7498532,MALARIA_ACT_TREATED,COUNTRY,VEN,AMR,Americas,YEAR,2019,,,,,,,,,90 153,90153,,,,2025-12-19T14:38:23Z,2019,01/01/2019,31/12/2019,,
7508859,MALARIA_ACT_TREATED,COUNTRY,NAM,AFR,Africa,YEAR,2022,,,,,,,,,11 849,11849,,,,2025-12-19T14:38:23Z,2022,01/01/2022,31/12/2022,,
7529011,MALARIA_ACT_TREATED,COUNTRY,STP,AFR,Africa,YEAR,2021,,,,,,,,,2515,2515,,,,2025-12-19T14:38:23Z,2021,01/01/2021,31/12/2021,,
7573818,MALARIA_ACT_TREATED,COUNTRY,MDG,AFR,Africa,YEAR,2020,,,,,,,,,1 667 856,1667856,,,,2025-12-19T14:38:23Z,2020,01/01/2020,31/12/2020,,
7574503,MALARIA_ACT_TREATED,COUNTRY,IDN,WPR,Western Pacific,YEAR,2018,,,,,,,,,133 860,133860,,,,2025-12-19T14:38:23Z,2018,01/01/2018,31/12/2018,,
7581127,MALARIA_ACT_TREATED,COUNTRY,PNG,WPR,Western Pacific,YEAR,2018,,,,,,,,,337 480,337480,,,,2025-12-19T14:38:23Z,2018,01/01/2018,31/12/2018,,
7585123,MALARIA_ACT_TREATED,COUNTRY,TZA,AFR,Africa,YEAR,2022,,,,,,,,,4 612 098,4612098,,,,2025-12-19T14:38:23Z,2022,01/01/2022,31/12/2022,,
7601885,MALARIA_ACT_TREATED,COUNTRY,BFA,AFR,Africa,YEAR,2019,,,,,,,,,11 223 002,11223002,,,,2025-12-19T14:38:23Z,2019,01/01/2019,31/12/2019,,
7607354,MALARIA_ACT_TREATED,COUNTRY,HND,AMR,Americas,YEAR,2021,,,,,,,,,0,0,,,,2025-12-19T14:38:23Z,2021,01/01/2021,31/12/2021,,
7621129,MALARIA_ACT_TREATED,COUNTRY,LAO,WPR,Western Pacific,YEAR,2018,,,,,,,,,8827,8827,,,,2025-12-19T14:38:23Z,2018,01/01/2018,31/12/2018,,
7628161,MALARIA_ACT_TREATED,COUNTRY,VEN,AMR,Americas,YEAR,2022,,,,,,,,,22 059,22059,,,,2025-12-19T14:38:23Z,2022,01/01/2022,31/12/2022,,
7629940,MALARIA_ACT_TREATED,COUNTRY,MLI,AFR,Africa,YEAR,2018,,,,,,,,,1 814 505,1814505,,,,2025-12-19T14:38:23Z,2018,01/01/2018,31/12/2018,,
7673406,MALARIA_ACT_TREATED,COUNTRY,STP,AFR,Africa,YEAR,2019,,,,,,,,,2457,2457,,,,2025-12-19T14:38:23Z,2019,01/01/2019,31/12/2019,,
7750591,MALARIA_ACT_TREATED,COUNTRY,KHM,WPR,Western Pacific,YEAR,2023,,,,,,,,,1384,1384,,,,2025-12-19T14:38:23Z,2023,01/01/2023,31/12/2023,,
7764425,MALARIA_ACT_TREATED,COUNTRY,BOL,AMR,Americas,YEAR,2023,,,,,,,,,10 298,10298,,,,2025-12-19T14:38:23Z,2023,01/01/2023,31/12/2023,,
7822162,MALARIA_ACT_TREATED,COUNTRY,LBR,AFR,Africa,YEAR,2021,,,,,,,,,785 485,785485,,,,2025-12-19T14:38:23Z,2021,01/01/2021,31/12/2021,,
7828015,MALARIA_ACT_TREATED,COUNTRY,PER,AMR,Americas,YEAR,2019,,,,,,,,,4724,4724,,,,2025-12-19T14:38:23Z,2019,01/01/2019,31/12/2019,,
7833601,MALARIA_ACT_TREATED,COUNTRY,COG,AFR,Africa,YEAR,2021,,,,,,,,,187 940,187940,,,,2025-12-19T14:38:23Z,2021,01/01/2021,31/12/2021,,
7834476,MALARIA_ACT_TREATED,COUNTRY,VNM,WPR,Western Pacific,YEAR,2021,,,,,,,,,209,209,,,,2025-12-19T14:38:23Z,2021,01/01/2021,31/12/2021,,
7847527,MALARIA_ACT_TREATED,COUNTRY,ERI,AFR,Africa,YEAR,2022,,,,,,,,,65 572,65572,,,,2025-12-19T14:38:23Z,2022,01/01/2022,31/12/2022,,
7894051,MALARIA_ACT_TREATED,COUNTRY,IND,SEAR,South-East Asia,YEAR,2019,,,,,,,,,338 494,338494,,,,2025-12-19T14:38:23Z,2019,01/01/2019,31/12/2019,,
7894188,MALARIA_ACT_TREATED,COUNTRY,GTM,AMR,Americas,YEAR,2019,,,,,,,,,2,2,,,,2025-12-19T14:38:23Z,2019,01/01/2019,31/12/2019,,
7916016,MALARIA_ACT_TREATED,COUNTRY,ZAF,AFR,Africa,YEAR,2023,,,,,,,,,9907,9907,,,,2025-12-19T14:38:23Z,2023,01/01/2023,31/12/2023,,
7924919,MALARIA_ACT_TREATED,COUNTRY,BGD,SEAR,South-East Asia,YEAR,2020,,,,,,,,,4885,4885,,,,2025-12-19T14:38:23Z,2020,01/01/2020,31/12/2020,,
7929501,MALARIA_ACT_TREATED,COUNTRY,TZA,AFR,Africa,YEAR,2021,,,,,,,,,5 868 238,5868238,,,,2025-12-19T14:38:23Z,2021,01/01/2021,31/12/2021,,
7939170,MALARIA_ACT_TREATED,COUNTRY,ERI,AFR,Africa,YEAR,2023,,,,,,,,,92 980,92980.22843,,,,2025-12-19T14:38:23Z,2023,01/01/2023,31/12/2023,,
7951718,MALARIA_ACT_TREATED,COUNTRY,SWZ,AFR,Africa,YEAR,2019,,,,,,,,,580,580,,,,2025-12-19T14:38:23Z,2019,01/01/2019,31/12/2019,,
7969395,MALARIA_ACT_TREATED,COUNTRY,NPL,SEAR,South-East Asia,YEAR,2021,,,,,,,,,92,92,,,,2025-12-19T14:38:23Z,2021,01/01/2021,31/12/2021,,
7978697,MALARIA_ACT_TREATED,COUNTRY,BRA,AMR,Americas,YEAR,2020,,,,,,,,,23 691,23691,,,,2025-12-19T14:38:23Z,2020,01/01/2020,31/12/2020,,
7982779,MALARIA_ACT_TREATED,COUNTRY,CAF,AFR,Africa,YEAR,2021,,,,,,,,,2 223 562,2223562,,,,2025-12-19T14:38:23Z,2021,01/01/2021,31/12/2021,,
8038862,MALARIA_ACT_TREATED,COUNTRY,PAN,AMR,Americas,YEAR,2022,,,,,,,,,83,83,,,,2025-12-19T14:38:23Z,2022,01/01/2022,31/12/2022,,
8109915,MALARIA_ACT_TREATED,COUNTRY,GAB,AFR,Africa,YEAR,2023,,,,,,,,,102 520,102520,,,,2025-12-19T14:38:23Z,2023,01/01/2023,31/12/2023,,
8147677,MALARIA_ACT_TREATED,COUNTRY,KHM,WPR,Western Pacific,YEAR,2024,,,,,,,,,355,355,,,,2025-12-19T14:38:23Z,2024,01/01/2024,31/12/2024,,
8148000,MALARIA_ACT_TREATED,COUNTRY,UGA,AFR,Africa,YEAR,2020,,,,,,,,,14 656 782,14656782,,,,2025-12-19T14:38:23Z,2020,01/01/2020,31/12/2020,,
8188817,MALARIA_ACT_TREATED,COUNTRY,ETH,AFR,Africa,YEAR,2024,,,,,,,,,2 813 582,2813582,,,,2025-12-19T14:38:23Z,2024,01/01/2024,31/12/2024,,
8197502,MALARIA_ACT_TREATED,COUNTRY,SAU,EMR,Eastern Mediterranean,YEAR,2019,,,,,,,,,1515,1515,,,,2025-12-19T14:38:23Z,2019,01/01/2019,31/12/2019,,
8201652,MALARIA_ACT_TREATED,COUNTRY,CRI,AMR,Americas,YEAR,2024,,,,,,,,,5,5,,,,2025-12-19T14:38:23Z,2024,01/01/2024,31/12/2024,,
8207910,MALARIA_ACT_TREATED,COUNTRY,NER,AFR,Africa,YEAR,2018,,,,,,,,,2 891 780,2891780,,,,2025-12-19T14:38:23Z,2018,01/01/2018,31/12/2018,,
8227275,MALARIA_ACT_TREATED,COUNTRY,KHM,WPR,Western Pacific,YEAR,2019,,,,,,,,,31 883,31883,,,,2025-12-19T14:38:23Z,2019,01/01/2019,31/12/2019,,
8246998,MALARIA_ACT_TREATED,COUNTRY,DOM,AMR,Americas,YEAR,2020,,,,,,,,,1,1,,,,2025-12-19T14:38:23Z,2020,01/01/2020,31/12/2020,,
8267424,MALARIA_ACT_TREATED,COUNTRY,KHM,WPR,Western Pacific,YEAR,2022,,,,,,,,,4106,4106,,,,2025-12-19T14:38:23Z,2022,01/01/2022,31/12/2022,,
8284571,MALARIA_ACT_TREATED,COUNTRY,GNB,AFR,Africa,YEAR,2018,,,,,,,,,157 003,157003,,,,2025-12-19T14:38:23Z,2018,01/01/2018,31/12/2018,,
8292810,MALARIA_ACT_TREATED,COUNTRY,NER,AFR,Africa,YEAR,2022,,,,,,,,,4 478 917,4478917,,,,2025-12-19T14:38:23Z,2022,01/01/2022,31/12/2022,,
8330392,MALARIA_ACT_TREATED,COUNTRY,IRN,EMR,Eastern Mediterranean,YEAR,2018,,,,,,,,,50,50,,,,2025-12-19T14:38:23Z,2018,01/01/2018,31/12/2018,,
8335934,MALARIA_ACT_TREATED,COUNTRY,MDG,AFR,Africa,YEAR,2021,,,,,,,,,1 921 755,1921755,,,,2025-12-19T14:38:23Z,2021,01/01/2021,31/12/2021,,
8339373,MALARIA_ACT_TREATED,COUNTRY,GNB,AFR,Africa,YEAR,2020,,,,,,,,,130 251,130251,,,,2025-12-19T14:38:23Z,2020,01/01/2020,31/12/2020,,
8360536,MALARIA_ACT_TREATED,COUNTRY,CIV,AFR,Africa,YEAR,2022,,,,,,,,,6 671 931,6671931,,,,2025-12-19T14:38:23Z,2022,01/01/2022,31/12/2022,,
8395517,MALARIA_ACT_TREATED,COUNTRY,ZMB,AFR,Africa,YEAR,2021,,,,,,,,,7 159 243,7159243,,,,2025-12-19T14:38:23Z,2021,01/01/2021,31/12/2021,,
8396679,MALARIA_ACT_TREATED,COUNTRY,MLI,AFR,Africa,YEAR,2024,,,,,,,,,2 728 983,2728983,,,,2025-12-19T14:38:23Z,2024,01/01/2024,31/12/2024,,
8436945,MALARIA_ACT_TREATED,COUNTRY,PER,AMR,Americas,YEAR,2022,,,,,,,,,4170,4170,,,,2025-12-19T14:38:23Z,2022,01/01/2022,31/12/2022,,
8501862,MALARIA_ACT_TREATED,COUNTRY,GUY,AMR,Americas,YEAR,2024,,,,,,,,,6554,6554,,,,2025-12-19T14:38:23Z,2024,01/01/2024,31/12/2024,,
8517370,MALARIA_ACT_TREATED,COUNTRY,ETH,AFR,Africa,YEAR,2022,,,,,,,,,2 634 520,2634520,,,,2025-12-19T14:38:23Z,2022,01/01/2022,31/12/2022,,
8568139,MALARIA_ACT_TREATED,COUNTRY,THA,SEAR,South-East Asia,YEAR,2022,,,,,,,,,321,321,,,,2025-12-19T14:38:23Z,2022,01/01/2022,31/12/2022,,
8603403,MALARIA_ACT_TREATED,COUNTRY,ECU,AMR,Americas,YEAR,2024,,,,,,,,,126,126,,,,2025-12-19T14:38:23Z,2024,01/01/2024,31/12/2024,,
8643759,MALARIA_ACT_TREATED,COUNTRY,VNM,WPR,Western Pacific,YEAR,2022,,,,,,,,,271,271,,,,2025-12-19T14:38:23Z,2022,01/01/2022,31/12/2022,,
8681460,MALARIA_ACT_TREATED,COUNTRY,TGO,AFR,Africa,YEAR,2022,,,,,,,,,2 143 050,2143050,,,,2025-12-19T14:38:23Z,2022,01/01/2022,31/12/2022,,
8686080,MALARIA_ACT_TREATED,COUNTRY,DZA,AFR,Africa,YEAR,2023,,,,,,,,,427,427,,,,2025-12-19T14:38:23Z,2023,01/01/2023,31/12/2023,,
8701749,MALARIA_ACT_TREATED,COUNTRY,COM,AFR,Africa,YEAR,2022,,,,,,,,,11 100,11100,,,,2025-12-19T14:38:23Z,2022,01/01/2022,31/12/2022,,
8706559,MALARIA_ACT_TREATED,COUNTRY,SEN,AFR,Africa,YEAR,2024,,,,,,,,,355 798,355798,,,,2025-12-19T14:38:23Z,2024,01/01/2024,31/12/2024,,
8719228,MALARIA_ACT_TREATED,COUNTRY,BGD,SEAR,South-East Asia,YEAR,2018,,,,,,,,,10 459,10459,,,,2025-12-19T14:38:23Z,2018,01/01/2018,31/12/2018,,
8729490,MALARIA_ACT_TREATED,COUNTRY,COL,AMR,Americas,YEAR,2020,,,,,,,,,39 879,39879,,,,2025-12-19T14:38:23Z,2020,01/01/2020,31/12/2020,,
8792842,MALARIA_ACT_TREATED,COUNTRY,HND,AMR,Americas,YEAR,2019,,,,,,,,,0,0,,,,2025-12-19T14:38:23Z,2019,01/01/2019,31/12/2019,,
8821775,MALARIA_ACT_TREATED,COUNTRY,SDN,EMR,Eastern Mediterranean,YEAR,2021,,,,,,,,,3 993 620,3993620,,,,2025-12-19T14:38:23Z,2021,01/01/2021,31/12/2021,,
8843860,MALARIA_ACT_TREATED,COUNTRY,BTN,SEAR,South-East Asia,YEAR,2023,,,,,,,,,10,10,,,,2025-12-19T14:38:23Z,2023,01/01/2023,31/12/2023,,
8857910,MALARIA_ACT_TREATED,COUNTRY,GHA,AFR,Africa,YEAR,2018,,,,,,,,,3 862 330,3862330,,,,2025-12-19T14:38:23Z,2018,01/01/2018,31/12/2018,,
8928562,MALARIA_ACT_TREATED,COUNTRY,SSD,AFR,Africa,YEAR,2024,,,,,,,,,2 437 418,2437418,,,,2025-12-19T14:38:23Z,2024,01/01/2024,31/12/2024,,
8944428,MALARIA_ACT_TREATED,COUNTRY,BRA,AMR,Americas,YEAR,2024,,,,,,,,,29 829,29829,,,,2025-12-19T14:38:23Z,2024,01/01/2024,31/12/2024,,
8949033,MALARIA_ACT_TREATED,COUNTRY,GAB,AFR,Africa,YEAR,2022,,,,,,,,,85 741,85741,,,,2025-12-19T14:38:23Z,2022,01/01/2022,31/12/2022,,
8968179,MALARIA_ACT_TREATED,COUNTRY,SOM,EMR,Eastern Mediterranean,YEAR,2020,,,,,,,,,27 333,27333,,,,2025-12-19T14:38:23Z,2020,01/01/2020,31/12/2020,,
8981680,MALARIA_ACT_TREATED,COUNTRY,MEX,AMR,Americas,YEAR,2018,,,,,,,,,0,0,,,,2025-12-19T14:38:23Z,2018,01/01/2018,31/12/2018,,
8983793,MALARIA_ACT_TREATED,COUNTRY,BOL,AMR,Americas,YEAR,2015,,,,,,,,,6907,6907,,,,2025-12-19T14:38:23Z,2015,01/01/2015,31/12/2015,,
8986959,MALARIA_ACT_TREATED,COUNTRY,PHL,WPR,Western Pacific,YEAR,2019,,,,,,,,,4845,4845,,,,2025-12-19T14:38:23Z,2019,01/01/2019,31/12/2019,,
8988648,MALARIA_ACT_TREATED,COUNTRY,MDG,AFR,Africa,YEAR,2018,,,,,,,,,893 163,893163,,,,2025-12-19T14:38:23Z,2018,01/01/2018,31/12/2018,,
9031648,MALARIA_ACT_TREATED,COUNTRY,NAM,AFR,Africa,YEAR,2023,,,,,,,,,13 732,13732,,,,2025-12-19T14:38:23Z,2023,01/01/2023,31/12/2023,,
9038364,MALARIA_ACT_TREATED,COUNTRY,TZA,AFR,Africa,YEAR,2019,,,,,,,,,6 385 075,6385075,,,,2025-12-19T14:38:23Z,2019,01/01/2019,31/12/2019,,
9043852,MALARIA_ACT_TREATED,COUNTRY,BEN,AFR,Africa,YEAR,2019,,,,,,,,,2 353 657,2353657,,,,2025-12-19T14:38:23Z,2019,01/01/2019,31/12/2019,,
9069492,MALARIA_ACT_TREATED,COUNTRY,LAO,WPR,Western Pacific,YEAR,2023,,,,,,,,,695,695,,,,2025-12-19T14:38:23Z,2023,01/01/2023,31/12/2023,,
9075104,MALARIA_ACT_TREATED,COUNTRY,TLS,SEAR,South-East Asia,YEAR,2019,,,,,,,,,9,9,,,,2025-12-19T14:38:23Z,2019,01/01/2019,31/12/2019,,
9084179,MALARIA_ACT_TREATED,COUNTRY,CAF,AFR,Africa,YEAR,2024,,,,,,,,,2 153 317,2153317,,,,2025-12-19T14:38:23Z,2024,01/01/2024,31/12/2024,,
9087383,MALARIA_ACT_TREATED,COUNTRY,BTN,SEAR,South-East Asia,YEAR,2022,,,,,,,,,0,0,,,,2025-12-19T14:38:23Z,2022,01/01/2022,31/12/2022,,
9119539,MALARIA_ACT_TREATED,COUNTRY,KEN,AFR,Africa,YEAR,2022,,,,,,,,,4 078 547,4078547,,,,2025-12-19T14:38:23Z,2022,01/01/2022,31/12/2022,,
9155421,MALARIA_ACT_TREATED,COUNTRY,SUR,AMR,Americas,YEAR,2021,,,,,,,,,8,8,,,,2025-12-19T14:38:23Z,2021,01/01/2021,31/12/2021,,
9164343,MALARIA_ACT_TREATED,COUNTRY,VUT,WPR,Western Pacific,YEAR,2020,,,,,,,,,496,496,,,,2025-12-19T14:38:23Z,2020,01/01/2020,31/12/2020,,
9188809,MALARIA_ACT_TREATED,COUNTRY,NER,AFR,Africa,YEAR,2020,,,,,,,,,4 773 512,4773512,,,,2025-12-19T14:38:23Z,2020,01/01/2020,31/12/2020,,
9192378,MALARIA_ACT_TREATED,COUNTRY,STP,AFR,Africa,YEAR,2023,,,,,,,,,2278,2278,,,,2025-12-19T14:38:23Z,2023,01/01/2023,31/12/2023,,
9259967,MALARIA_ACT_TREATED,COUNTRY,BFA,AFR,Africa,YEAR,2020,,,,,,,,,10 237 424,10237424,,,,2025-12-19T14:38:23Z,2020,01/01/2020,31/12/2020,,
9314301,MALARIA_ACT_TREATED,COUNTRY,DOM,AMR,Americas,YEAR,2023,,,,,,,,,18,18,,,,2025-12-19T14:38:23Z,2023,01/01/2023,31/12/2023,,
9349006,MALARIA_ACT_TREATED,COUNTRY,MWI,AFR,Africa,YEAR,2021,,,,,,,,,6 723 831,6723831,,,,2025-12-19T14:38:23Z,2021,01/01/2021,31/12/2021,,
9355877,MALARIA_ACT_TREATED,COUNTRY,ZMB,AFR,Africa,YEAR,2020,,,,,,,,,2 753 348,2753347.547,,,,2025-12-19T14:38:23Z,2020,01/01/2020,31/12/2020,,
9370911,MALARIA_ACT_TREATED,COUNTRY,PAK,EMR,Eastern Mediterranean,YEAR,2018,,,,,,,,,75 356,75356.40582,,,,2025-12-19T14:38:23Z,2018,01/01/2018,31/12/2018,,
9379482,MALARIA_ACT_TREATED,COUNTRY,PHL,WPR,Western Pacific,YEAR,2020,,,,,,,,,4890,4890,,,,2025-12-19T14:38:23Z,2020,01/01/2020,31/12/2020,,
9387127,MALARIA_ACT_TREATED,COUNTRY,CPV,AFR,Africa,YEAR,2022,,,,,,,,,27,27,,,,2025-12-19T14:38:23Z,2022,01/01/2022,31/12/2022,,
9405706,MALARIA_ACT_TREATED,COUNTRY,COM,AFR,Africa,YEAR,2018,,,,,,,,,19 682,19682,,,,2025-12-19T14:38:23Z,2018,01/01/2018,31/12/2018,,
